Workbook

Sheet รายการสินค้า
A1: ลำดับ | B1: หมวดหมู่หลัก | C1: หมวดหมู่ย่อย | D1: รูปสินค้า | E1: รหัสสินค้า (SKU) | F1: รหัสบาร์โค้ด | G1: ชื่อสินค้า | H1: ขนาด/รุ่น | I1: หน่วย | J1: ราคาทุน | K1: ราคาขาย | L1: กลุ่มสินค้า | M1: ประเภทแถว | N1: รหัสสินค้าหลัก | O1: จำนวนหน่วยย่อยต่อ 1 หน่วยหลัก | P1: จำนวนคงเหลือ | Q1: ขั้นต่ำ | R1: สถานะ | S1: หมวดหมู่เดิมในไฟล์ต้นทาง (อ้างอิง)
A2: 1 | B2: ท่อพีวีซี | C2: ท่อพีวีซีสีเหลือง | D2: SKU05041.jpg | E2: SKU 05041 | F2: 2000000010168 | G2: ข้องอ 90 เหลือง | K2: 8 | L2: ข้องอ 90 เหลือง | M2: หลัก | P2: 0 | R2: ใช้ | S2: ท่อพีวีซี
A3: 2 | B3: ท่อพีวีซี | D3: 04901.jpg | E3: 04901 | F3: 2000000010175 | G3: ข้อต่อ ผม. PVC 1/2" SCG | K3: 12 | L3: ข้อต่อ ผม. PVC 1/2" SCG | M3: หลัก | P3: 0 | R3: ใช้ | S3: ท่อพีวีซี
A4: 3 | B4: ท่อพีวีซี | C4: ท่อพีวีซีสีเหลือง | D4: SKU05044.jpg | E4: SKU 05044 | F4: 2000000010199 | G4: คลิปก้ามปูเหลือง นาโน | K4: 4 | L4: คลิปก้ามปูเหลือง นาโน | M4: หลัก | P4: 0 | R4: ใช้ | S4: ท่อพีวีซี
A5: 4 | B5: ท่อพีวีซี | C5: ท่อพีวีซีสีฟ้า | D5: 1102913.jpg | E5: SKU1102820 | F5: 2000000010205 | G5: ตัดท่อ PVC ชั้น 13.5 สีฟ้า SCG | H5: 3/4" | K5: 35 | L5: ตัดท่อ PVC ชั้น 13.5 สีฟ้า SCG | M5: หลัก | P5: 0 | R5: ใช้ | S5: ท่อพีวีซี
A6: 5 | B6: ท่อพีวีซี | C6: ท่อพีวีซีสีฟ้า | D6: 1102913.jpg | E6: SKU1102821 | F6: 2000000010212 | G6: ตัดท่อ PVC ชั้น 13.5 สีฟ้า SCG | H6: 1" | K6: 50 | L6: ตัดท่อ PVC ชั้น 13.5 สีฟ้า SCG | M6: หลัก | P6: 0 | R6: ใช้ | S6: ท่อพีวีซี
A7: 6 | B7: ท่อพีวีซี | C7: ท่อพีวีซีสีฟ้า | D7: 1102913.jpg | E7: SKU1102822 | F7: 2000000010229 | G7: ตัดท่อ PVC ชั้น 13.5 สีฟ้า SCG | H7: 1-1/4" | K7: 65 | L7: ตัดท่อ PVC ชั้น 13.5 สีฟ้า SCG | M7: หลัก | P7: 0 | R7: ใช้ | S7: ท่อพีวีซี
A8: 7 | B8: ท่อพีวีซี | C8: ท่อพีวีซีสีฟ้า | D8: 1102913.jpg | E8: SKU1102823 | F8: 2000000010236 | G8: ตัดท่อ PVC ชั้น 13.5 สีฟ้า SCG | H8: 1-1/2" | K8: 90 | L8: ตัดท่อ PVC ชั้น 13.5 สีฟ้า SCG | M8: หลัก | P8: 0 | R8: ใช้ | S8: ท่อพีวีซี
A9: 8 | B9: ท่อพีวีซี | C9: ท่อพีวีซีสีฟ้า | D9: 1102913.jpg | E9: SKU1102824 | F9: 2000000010243 | G9: ตัดท่อ PVC ชั้น 13.5 สีฟ้า SCG | H9: 2" | K9: 130 | L9: ตัดท่อ PVC ชั้น 13.5 สีฟ้า SCG | M9: หลัก | P9: 0 | R9: ใช้ | S9: ท่อพีวีซี
A10: 9 | B10: ท่อพีวีซี | C10: ท่อพีวีซีสีฟ้า | D10: 1102913.jpg | E10: SKU1102827 | F10: 2000000010250 | G10: ตัดท่อ PVC ชั้น 13.5 สีฟ้า SCG | H10: 4" | K10: 450 | L10: ตัดท่อ PVC ชั้น 13.5 สีฟ้า SCG | M10: หลัก | P10: 0 | R10: ใช้ | S10: ท่อพีวีซี
A11: 10 | B11: ท่อพีวีซี | C11: ท่อพีวีซีสีฟ้า | D11: 1102913.jpg | E11: SKU1102826 | F11: 2000000010267 | G11: ตัดท่อ PVC ชั้น 13.5 สีฟ้า SCG | H11: 3" | K11: 300 | L11: ตัดท่อ PVC ชั้น 13.5 สีฟ้า SCG | M11: หลัก | P11: 0 | R11: ใช้ | S11: ท่อพีวีซี
A12: 11 | B12: ท่อพีวีซี | C12: ท่อพีวีซีสีฟ้า | D12: 1102913.jpg | E12: SKU1102825 | F12: 2000000010274 | G12: ตัดท่อ PVC ชั้น 13.5 สีฟ้า SCG | H12: 2-1/2" | K12: 220 | L12: ตัดท่อ PVC ชั้น 13.5 สีฟ้า SCG | M12: หลัก | P12: 0 | R12: ใช้ | S12: ท่อพีวีซี
A13: 12 | B13: ท่อพีวีซี | C13: ท่อพีวีซีสีฟ้า | D13: 1102913.jpg | E13: SKU1102819 | F13: 2000000010281 | G13: ตัดท่อ PVC ชั้น 13.5 สีฟ้า SCG | H13: 1/2" | K13: 30 | L13: ตัดท่อ PVC ชั้น 13.5 สีฟ้า SCG | M13: หลัก | P13: 0 | R13: ใช้ | S13: ท่อพีวีซี
A14: 13 | B14: ท่อพีวีซี | C14: ท่อพีวีซีสีฟ้า | D14: 02937.jpg | E14: SKU02843 | F14: 2000000010298 | G14: ตัดท่อ PVC ชั้น 13.5 สีฟ้า ตราเสือ | H14: 1/2" | K14: 28 | L14: ตัดท่อ PVC ชั้น 13.5 สีฟ้า ตราเสือ | M14: หลัก | P14: 0 | R14: ใช้ | S14: ท่อพีวีซี
A15: 14 | B15: ท่อพีวีซี | C15: ท่อพีวีซีสีฟ้า | D15: 02937.jpg | E15: SKU1102844 | F15: 2000000010304 | G15: ตัดท่อ PVC ชั้น 13.5 สีฟ้า ตราเสือ | H15: 3/4" | K15: 33 | L15: ตัดท่อ PVC ชั้น 13.5 สีฟ้า ตราเสือ | M15: หลัก | P15: 0 | R15: ใช้ | S15: ท่อพีวีซี
A16: 15 | B16: ท่อพีวีซี | C16: ท่อพีวีซีสีฟ้า | D16: 02937.jpg | E16: SKU02845 | F16: 2000000010311 | G16: ตัดท่อ PVC ชั้น 13.5 สีฟ้า ตราเสือ | H16: 1" | K16: 45 | L16: ตัดท่อ PVC ชั้น 13.5 สีฟ้า ตราเสือ | M16: หลัก | P16: 0 | R16: ใช้ | S16: ท่อพีวีซี
... A98: 97 | B98: ท่อพีวีซี | C98: ท่อพีวีซีสีฟ้า | D98: 02852.jpg | E98: SKU-03324 | F98: 2000000011196 | G98: ท่อ PVC ชั้น 8.5 สีฟ้า ตราเสือ | H98: 2-1/2" | K98: 349 | L98: ท่อ PVC ชั้น 8.5 สีฟ้า ตราเสือ | M98: หลัก | P98: 0 | R98: ใช้ | S98: ท่อพีวีซี
A99: 98 | B99: ท่อพีวีซี | D99: SKU05108.jpg | E99: SKU 05108 | F99: 2000000011219 | G99: ท่อพีวีซีสีดำ นาโน | K99: 52 | L99: ท่อพีวีซีสีดำ นาโน | M99: หลัก | P99: 0 | R99: ใช้ | S99: ท่อพีวีซี
A100: 99 | B100: ท่อพีวีซี | C100: ท่อพีวีซีสีเหลือง | D100: SKU05032.jpg | E100: SKU 05032 | F100: 2000000011226 | G100: ท่อพีวีซีสีเหลือง นาโน | K100: 45 | L100: ท่อพีวีซีสีเหลือง นาโน | M100: หลัก | P100: 0 | R100: ใช้ | S100: ท่อพีวีซี
A101: 100 | B101: ท่อพีวีซี | C101: ท่อพีวีซีสีขาว | D101: 02897.jpg | E101: SKU-03360 | F101: 2000000011233 | G101: ท่อลูกฟูก ขาว ตราช้าง | H101: 3/8" | K101: 690 | L101: ท่อลูกฟูก ขาว ตราช้าง | M101: หลัก | P101: 0 | R101: ใช้ | S101: ท่อพีวีซี
A102: 101 | B102: ท่อพีวีซี | C102: ท่อพีวีซีสีขาว | D102: 02897.jpg | E102: SKU-03361 | F102: 2000000011240 | G102: ท่อลูกฟูก ขาว ตราช้าง | H102: 1/2" | K102: 1100 | L102: ท่อลูกฟูก ขาว ตราช้าง | M102: หลัก | P102: 0 | R102: ใช้ | S102: ท่อพีวีซี
A103: 102 | B103: ท่อพีวีซี | C103: ท่อพีวีซีสีขาว | D103: 02897.jpg | E103: SKU-03362 | F103: 2000000011257 | G103: ท่อลูกฟูก ขาว ตราช้าง | H103: 3/4" | K103: 1190 | L103: ท่อลูกฟูก ขาว ตราช้าง | M103: หลัก | P103: 0 | R103: ใช้ | S103: ท่อพีวีซี
A104: 103 | B104: ท่อพีวีซี | C104: ท่อพีวีซีสีขาว | D104: 02897.jpg | E104: SKU-03363 | F104: 2000000011264 | G104: ท่อลูกฟูก ขาว ตราช้าง | H104: 1" | K104: 1190 | L104: ท่อลูกฟูก ขาว ตราช้าง | M104: หลัก | P104: 0 | R104: ใช้ | S104: ท่อพีวีซี
A105: 104 | B105: ท่อพีวีซี | C105: ท่อพีวีซีสีขาว | D105: 02905.jpg | E105: 9902905 | F105: 2000000011271 | G105: ท่อลูกฟูก นาโน สีขาว | H105: 16มิล | K105: 500 | L105: ท่อลูกฟูก นาโน สีขาว | M105: หลัก | P105: 0 | R105: ใช้ | S105: ท่อพีวีซี
A106: 105 | B106: ท่อพีวีซี | C106: ท่อพีวีซีสีขาว | D106: 02905.jpg | E106: 9902906 | F106: 2000000011288 | G106: ท่อลูกฟูก นาโน สีขาว | H106: 20มิล | K106: 750 | L106: ท่อลูกฟูก นาโน สีขาว | M106: หลัก | P106: 0 | R106: ใช้ | S106: ท่อพีวีซี
A107: 106 | B107: ท่อพีวีซี | C107: ท่อพีวีซีสีขาว | D107: 02905.jpg | E107: 9902907 | F107: 2000000011295 | G107: ท่อลูกฟูก นาโน สีขาว | H107: 25มิล | K107: 790 | L107: ท่อลูกฟูก นาโน สีขาว | M107: หลัก | P107: 0 | R107: ใช้ | S107: ท่อพีวีซี
A108: 107 | B108: ท่อพีวีซี | C108: ท่อพีวีซีสีขาว | D108: 02905.jpg | E108: 9902908 | F108: 2000000011301 | G108: ท่อลูกฟูก นาโน สีขาว | H108: 32มิล | K108: 850 | L108: ท่อลูกฟูก นาโน สีขาว | M108: หลัก | P108: 0 | R108: ใช้ | S108: ท่อพีวีซี
A109: 108 | B109: ท่อพีวีซี | C109: ท่อพีวีซีสีเหลือง | D109: 02901.jpg | E109: SKU-03365 | F109: 2000000011325 | G109: ท่อลูกฟูกสีเหลือง ตราช้าง | H109: 3/8" | K109: 690 | L109: ท่อลูกฟูกสีเหลือง ตราช้าง | M109: หลัก | P109: 0 | R109: ใช้ | S109: ท่อพีวีซี
A110: 109 | B110: ท่อพีวีซี | C110: ท่อพีวีซีสีเหลือง | D110: 02901.jpg | E110: SKU-03366 | F110: 2000000011332 | G110: ท่อลูกฟูกสีเหลือง ตราช้าง | H110: 1/2" | K110: 1100 | L110: ท่อลูกฟูกสีเหลือง ตราช้าง | M110: หลัก | P110: 0 | R110: ใช้ | S110: ท่อพีวีซี
A111: 110 | B111: ท่อพีวีซี | C111: ท่อพีวีซีสีเหลือง | D111: 02901.jpg | E111: SKU-03367 | F111: 2000000011349 | G111: ท่อลูกฟูกสีเหลือง ตราช้าง | H111: 3/4" | K111: 1190 | L111: ท่อลูกฟูกสีเหลือง ตราช้าง | M111: หลัก | P111: 0 | R111: ใช้ | S111: ท่อพีวีซี
A112: 111 | B112: ท่อพีวีซี | C112: ท่อพีวีซีสีเหลือง | D112: 02901.jpg | E112: SKU-03368 | F112: 2000000011356 | G112: ท่อลูกฟูกสีเหลือง ตราช้าง | H112: 1" | K112: 1190 | L112: ท่อลูกฟูกสีเหลือง ตราช้าง | M112: หลัก | P112: 0 | R112: ใช้ | S112: ท่อพีวีซี
... A116: 115 | B116: ท่อพีวีซี | C116: ท่อพีวีซีสีเหลือง | D116: 9902909.jpg | E116: 9902912 | F116: 2000000011394 | G116: ท่อลูกฟูกสีเหลืองนาโน | H116: 1" | K116: 890 | L116: ท่อลูกฟูกสีเหลืองนาโน | M116: หลัก | P116: 0 | R116: ใช้ | S116: ท่อพีวีซี
A117: 116 | B117: อุปกรณ์ท่อพีวีซี | D117: 05107.jpg | E117: 05107 | F117: 2000000011417 | G117: กรวยจราจร 50ซม. POLO | K117: 199 | L117: กรวยจราจร 50ซม. POLO | M117: หลัก | P117: 0 | R117: ใช้ | S117: อุปกรณ์ท่อพีวีซี
A118: 117 | B118: อุปกรณ์ท่อพีวีซี | C118: อุปกรณ์ท่อสีขาว | D118: 03385.jpg | E118: 03385 | F118: 2000000011424 | G118: กล่องพักสายกลมสีขาว ตราช้าง | K118: 25 | L118: กล่องพักสายกลมสีขาว ตราช้าง | M118: หลัก | P118: 0 | R118: ใช้ | S118: อุปกรณ์ท่อพีวีซี
A119: 118 | B119: อุปกรณ์ท่อพีวีซี | C119: อุปกรณ์ท่อสีเหลือง | D119: 03351.jpg | E119: 03351 | F119: 2000000011431 | G119: กล่องพักสายกลมสีเหลือง ตราช้าง | K119: 20 | L119: กล่องพักสายกลมสีเหลือง ตราช้าง | M119: หลัก | P119: 0 | R119: ใช้ | S119: อุปกรณ์ท่อพีวีซี
A120: 119 | B120: อุปกรณ์ท่อพีวีซี | D120: 02652.jpg | E120: 02652 | F120: 2000000011462 | G120: กาวทาท่อ EaleOne | K120: 25 | L120: กาวทาท่อ EaleOne | M120: หลัก | P120: 0 | R120: ใช้ | S120: อุปกรณ์ท่อพีวีซี
A121: 120 | B121: อุปกรณ์ท่อพีวีซี | D121: 03227.jpg | E121: 03227 | F121: 2000000011486 | G121: กิ๊ปจับท่อ PVC, แคลมป์จับท่อ PVC SCG | K121: 3 | L121: กิ๊ปจับท่อ PVC, แคลมป์จับท่อ PVC SCG | M121: หลัก | P121: 0 | R121: ใช้ | S121: อุปกรณ์ท่อพีวีซี
A122: 121 | B122: อุปกรณ์ท่อพีวีซี | D122: 03104.jpg | E122: 03104 | F122: 2000000011516 | G122: ข้องอ 45 PVC ตราช้าง | K122: 9 | L122: ข้องอ 45 PVC ตราช้าง | M122: หลัก | P122: 0 | R122: ใช้ | S122: อุปกรณ์ท่อพีวีซี
A123: 122 | B123: อุปกรณ์ท่อพีวีซี | D123: 03111.jpg | E123: 03111 | F123: 2000000011523 | G123: ข้องอ 45 บาง PVC ตราช้าง | K123: 12 | L123: ข้องอ 45 บาง PVC ตราช้าง | M123: หลัก | P123: 0 | R123: ใช้ | S123: อุปกรณ์ท่อพีวีซี
A124: 123 | B124: อุปกรณ์ท่อพีวีซี | D124: 03082.jpg | E124: 03082 | F124: 2000000011530 | G124: ข้องอ 90 PVC ตราช้าง | K124: 7 | L124: ข้องอ 90 PVC ตราช้าง | M124: หลัก | P124: 0 | R124: ใช้ | S124: อุปกรณ์ท่อพีวีซี
A125: 124 | B125: อุปกรณ์ท่อพีวีซี | D125: 03092.jpg | E125: 03092 | F125: 2000000011547 | G125: ข้องอ 90 บาง | K125: 11 | L125: ข้องอ 90 บาง | M125: หลัก | P125: 0 | R125: ใช้ | S125: อุปกรณ์ท่อพีวีซี
A126: 125 | B126: อุปกรณ์ท่อพีวีซี | C126: อุปกรณ์ท่อสีเหลือง | D126: 03256.jpg | E126: 03256 | F126: 2000000011554 | G126: ข้องอ 90 พีวีซี เกลียวในทองเหลือง ตราช้าง | K126: 50 | L126: ข้องอ 90 พีวีซี เกลียวในทองเหลือง ตราช้าง | M126: หลัก | P126: 0 | R126: ใช้ | S126: อุปกรณ์ท่อพีวีซี
A127: 126 | B127: อุปกรณ์ท่อพีวีซี | D127: 03101.jpg | E127: 03101 | F127: 2000000011578 | G127: ข้องอ 90 ลด PVC ตราช้าง | K127: 10 | L127: ข้องอ 90 ลด PVC ตราช้าง | M127: หลัก | P127: 0 | R127: ใช้ | S127: อุปกรณ์ท่อพีวีซี
A128: 127 | B128: อุปกรณ์ท่อพีวีซี | D128: 03120.jpg | E128: 03120 | F128: 2000000011585 | G128: ข้องอ 90 เกลียวนอก PVC ตราช้าง | K128: 12 | L128: ข้องอ 90 เกลียวนอก PVC ตราช้าง | M128: หลัก | P128: 0 | R128: ใช้ | S128: อุปกรณ์ท่อพีวีซี
A129: 128 | B129: อุปกรณ์ท่อพีวีซี | C129: อุปกรณ์ท่อสีเหลือง | D129: 03261.jpg | E129: 03261 | F129: 2000000011592 | G129: ข้องอ 90 เกลียวนอกทองเหลือง | K129: 60 | L129: ข้องอ 90 เกลียวนอกทองเหลือง | M129: หลัก | P129: 0 | R129: ใช้ | S129: อุปกรณ์ท่อพีวีซี
A130: 129 | B130: อุปกรณ์ท่อพีวีซี | D130: 03123.jpg | E130: 03123 | F130: 2000000011608 | G130: ข้องอ 90 เกลียวใน PVC ตราช้าง | K130: 10 | L130: ข้องอ 90 เกลียวใน PVC ตราช้าง | M130: หลัก | P130: 0 | R130: ใช้ | S130: อุปกรณ์ท่อพีวีซี
A131: 130 | B131: อุปกรณ์ท่อพีวีซี | D131: 02988.jpg | E131: 02988 | F131: 2000000011622 | G131: ข้องอ90 PPR 20 | K131: 15 | L131: ข้องอ90 PPR 20 | M131: หลัก | P131: 0 | R131: ใช้ | S131: อุปกรณ์ท่อพีวีซี
A132: 131 | B132: อุปกรณ์ท่อพีวีซี | D132: 02992.jpg | E132: 02992 | F132: 2000000011646 | G132: ข้องอเกลียวใน PPR 20x1/2" | K132: 80 | L132: ข้องอเกลียวใน PPR 20x1/2" | M132: หลัก | P132: 0 | R132: ใช้ | S132: อุปกรณ์ท่อพีวีซี
A133: 132 | B133: อุปกรณ์ท่อพีวีซี | D133: 02987.jpg | E133: 02987 | F133: 2000000011653 | G133: ข้อต่อตรง PPR 20 | K133: 10 | L133: ข้อต่อตรง PPR 20 | M133: หลัก | P133: 0 | R133: ใช้ | S133: อุปกรณ์ท่อพีวีซี
A134: 133 | B134: อุปกรณ์ท่อพีวีซี | D134: 03007.jpg | E134: 03007 | F134: 2000000011660 | G134: ข้อต่อตรง PVC ตราช้าง | K134: 5 | L134: ข้อต่อตรง PVC ตราช้าง | M134: หลัก | P134: 0 | R134: ใช้ | S134: อุปกรณ์ท่อพีวีซี
A135: 134 | B135: อุปกรณ์ท่อพีวีซี | D135: 03017.jpg | E135: 03017 | F135: 2000000011707 | G135: ข้อต่อตรงบาง PVC ตราช้าง | K135: 10 | L135: ข้อต่อตรงบาง PVC ตราช้าง | M135: หลัก | P135: 0 | R135: ใช้ | S135: อุปกรณ์ท่อพีวีซี
A136: 135 | B136: อุปกรณ์ท่อพีวีซี | D136: 03038.jpg | E136: 03038 | F136: 2000000011721 | G136: ข้อต่อตรงลด PVC ตราช้าง | K136: 9 | L136: ข้อต่อตรงลด PVC ตราช้าง | M136: หลัก | P136: 0 | R136: ใช้ | S136: อุปกรณ์ท่อพีวีซี
A137: 136 | B137: อุปกรณ์ท่อพีวีซี | D137: 03025.jpg | E137: 03025 | F137: 2000000011738 | G137: ข้อต่อตรงลดบาง PVC ตราช้าง | K137: 13 | L137: ข้อต่อตรงลดบาง PVC ตราช้าง | M137: หลัก | P137: 0 | R137: ใช้ | S137: อุปกรณ์ท่อพีวีซี
A138: 137 | B138: อุปกรณ์ท่อพีวีซี | D138: 02985.jpg | E138: 02985 | F138: 2000000011752 | G138: ข้อต่อตรงเกลียวนอก PPR 20x1/2" | K138: 89 | L138: ข้อต่อตรงเกลียวนอก PPR 20x1/2" | M138: หลัก | P138: 0 | R138: ใช้ | S138: อุปกรณ์ท่อพีวีซี
A139: 138 | B139: อุปกรณ์ท่อพีวีซี | D139: 03064.jpg | E139: 03064 | F139: 2000000011769 | G139: ข้อต่อตรงเกลียวนอก PVC ตราช้าง | K139: 6 | L139: ข้อต่อตรงเกลียวนอก PVC ตราช้าง | M139: หลัก | P139: 0 | R139: ใช้ | S139: อุปกรณ์ท่อพีวีซี
A140: 139 | B140: อุปกรณ์ท่อพีวีซี | D140: 02991.jpg | E140: 02991 | F140: 2000000011776 | G140: ข้อต่อตรงเกลียวใน PPR 20x1/2" | K140: 78 | L140: ข้อต่อตรงเกลียวใน PPR 20x1/2" | M140: หลัก | P140: 0 | R140: ใช้ | S140: อุปกรณ์ท่อพีวีซี
A141: 140 | B141: อุปกรณ์ท่อพีวีซี | D141: 03073.jpg | E141: 03073 | F141: 2000000011783 | G141: ข้อต่อตรงเกลียวใน PVC ตราช้าง | K141: 6 | L141: ข้อต่อตรงเกลียวใน PVC ตราช้าง | M141: หลัก | P141: 0 | R141: ใช้ | S141: อุปกรณ์ท่อพีวีซี
A142: 141 | B142: อุปกรณ์ท่อพีวีซี | C142: อุปกรณ์ท่อสีเหลือง | D142: 03253.jpg | E142: 03253 | F142: 2000000011790 | G142: ข้อต่อตรงเกลียวในทองเหลือง ตราช้าง | K142: 40 | L142: ข้อต่อตรงเกลียวในทองเหลือง ตราช้าง | M142: หลัก | P142: 0 | R142: ใช้ | S142: อุปกรณ์ท่อพีวีซี
A143: 142 | B143: อุปกรณ์ท่อพีวีซี | D143: 03247.jpg | E143: 03247 | F143: 2000000011844 | G143: ข้อต่อยูเนี่ยน PVC ตราช้าง | K143: 80 | L143: ข้อต่อยูเนี่ยน PVC ตราช้าง | M143: หลัก | P143: 0 | R143: ใช้ | S143: อุปกรณ์ท่อพีวีซี
A144: 143 | B144: อุปกรณ์ท่อพีวีซี | D144: 03126.jpg | E144: 03126 | F144: 2000000011851 | G144: ข้อต่อลดเหลี่ยม PVC ตราช้าง | K144: 7 | L144: ข้อต่อลดเหลี่ยม PVC ตราช้าง | M144: หลัก | P144: 0 | R144: ใช้ | S144: อุปกรณ์ท่อพีวีซี
A145: 144 | B145: อุปกรณ์ท่อพีวีซี | C145: อุปกรณ์ท่อสีเหลือง | D145: SKU05038.jpg | E145: SKU 05038 | F145: 2000000011912 | G145: ข้อต่อเข้ากล่องเหลือง นาโน (คอนเน็ตเตอร์) | K145: 6 | L145: ข้อต่อเข้ากล่องเหลือง นาโน (คอนเน็ตเตอร์) | M145: หลัก | P145: 0 | R145: ใช้ | S145: อุปกรณ์ท่อพีวีซี
A146: 145 | B146: อุปกรณ์ท่อพีวีซี | D146: 02990.jpg | E146: 02990 | F146: 2000000011967 | G146: คลิปก้ามปู PPR 20 | K146: 6 | L146: คลิปก้ามปู PPR 20 | M146: หลัก | P146: 0 | R146: ใช้ | S146: อุปกรณ์ท่อพีวีซี
A147: 146 | B147: อุปกรณ์ท่อพีวีซี | D147: 03236.jpg | E147: 03236 | F147: 2000000011974 | G147: คลิปก้ามปู PVC ตราช้าง | K147: 4 | L147: คลิปก้ามปู PVC ตราช้าง | M147: หลัก | P147: 0 | R147: ใช้ | S147: อุปกรณ์ท่อพีวีซี
A148: 147 | B148: อุปกรณ์ท่อพีวีซี | C148: อุปกรณ์ท่อสีเหลือง | D148: SKU04630.jpg | E148: SKU04630 | F148: 2000000012018 | G148: คลีนเอาท์ฝาทองเหลือง 4" SCG | K148: 190 | L148: คลีนเอาท์ฝาทองเหลือง 4" SCG | M148: หลัก | P148: 0 | R148: ใช้ | S148: อุปกรณ์ท่อพีวีซี
A149: 148 | B149: อุปกรณ์ท่อพีวีซี | D149: 05277.jpg | E149: 05277 | F149: 2000000012025 | G149: ดอกจำปา 4หัว #13 14 16 17มิล GG | K149: 39 | L149: ดอกจำปา 4หัว #13 14 16 17มิล GG | M149: หลัก | P149: 0 | R149: ใช้ | S149: อุปกรณ์ท่อพีวีซี
A150: 149 | B150: อุปกรณ์ท่อพีวีซี | D150: 03239.jpg | E150: 03239 | F150: 2000000012032 | G150: นิปเปิ้ล PVC ตราช้าง | K150: 7 | L150: นิปเปิ้ล PVC ตราช้าง | M150: หลัก | P150: 0 | R150: ใช้ | S150: อุปกรณ์ท่อพีวีซี
A151: 150 | B151: อุปกรณ์ท่อพีวีซี | D151: 03223.jpg | E151: 03223 | F151: 2000000012049 | G151: ปลั๊กอุดเกลียวนอก PVC ตราช้าง | K151: 4 | L151: ปลั๊กอุดเกลียวนอก PVC ตราช้าง | M151: หลัก | P151: 0 | R151: ใช้ | S151: อุปกรณ์ท่อพีวีซี
A152: 151 | B152: อุปกรณ์ท่อพีวีซี | D152: 03209.jpg | E152: 03209 | F152: 2000000012056 | G152: ฝาครอบ หนา SCG | K152: 6 | L152: ฝาครอบ หนา SCG | M152: หลัก | P152: 0 | R152: ใช้ | S152: อุปกรณ์ท่อพีวีซี
A153: 152 | B153: อุปกรณ์ท่อพีวีซี | D153: 03221.jpg | E153: 03221 | F153: 2000000012063 | G153: ฝาครอบ เกลียวใน PVC ตราช้าง | K153: 6 | L153: ฝาครอบ เกลียวใน PVC ตราช้าง | M153: หลัก | P153: 0 | R153: ใช้ | S153: อุปกรณ์ท่อพีวีซี
A154: 153 | B154: อุปกรณ์ท่อพีวีซี | D154: 03219.jpg | E154: 03219 | F154: 2000000012070 | G154: ฝาครอบบาง SCG | K154: 14 | L154: ฝาครอบบาง SCG | M154: หลัก | P154: 0 | R154: ใช้ | S154: อุปกรณ์ท่อพีวีซี
A155: 154 | B155: อุปกรณ์ท่อพีวีซี | D155: SKU-06770.jpg | E155: SKU-06770 | F155: 2000000012087 | G155: ฝาปิดปลายท่อบาง SCG | K155: 85 | L155: ฝาปิดปลายท่อบาง SCG | M155: หลัก | P155: 0 | R155: ใช้ | S155: อุปกรณ์ท่อพีวีซี
A156: 155 | B156: อุปกรณ์ท่อพีวีซี | D156: 03244.jpg | E156: 03244 | F156: 2000000012094 | G156: พีแทรฟ PVC ตราช้าง SCG | K156: 290 | L156: พีแทรฟ PVC ตราช้าง SCG | M156: หลัก | P156: 0 | R156: ใช้ | S156: อุปกรณ์ท่อพีวีซี
A157: 156 | B157: อุปกรณ์ท่อพีวีซี | D157: 03269.jpg | E157: 03269 | F157: 2000000012100 | G157: ฟุตวาล์ว PVC ตราช้าง | K157: 90 | L157: ฟุตวาล์ว PVC ตราช้าง | M157: หลัก | P157: 0 | R157: ใช้ | S157: อุปกรณ์ท่อพีวีซี
A158: 157 | B158: อุปกรณ์ท่อพีวีซี | D158: 03265.jpg | E158: 03265 | F158: 2000000012117 | G158: ฟุตวาล์วดูดน้ำ PVC สวม โรงเล็ก (หัวกะโหลก) | K158: 50 | L158: ฟุตวาล์วดูดน้ำ PVC สวม โรงเล็ก (หัวกะโหลก) | M158: หลัก | P158: 0 | R158: ใช้ | S158: อุปกรณ์ท่อพีวีซี
A159: 158 | B159: อุปกรณ์ท่อพีวีซี | D159: 03252.jpg | E159: 03252 | F159: 2000000012131 | G159: ยูเนี่ยนสั้น เกลียวนอก ขนาด 3/4" | K159: 120 | L159: ยูเนี่ยนสั้น เกลียวนอก ขนาด 3/4" | M159: หลัก | P159: 0 | R159: ใช้ | S159: อุปกรณ์ท่อพีวีซี
A160: 159 | B160: อุปกรณ์ท่อพีวีซี | D160: 03703.jpg | E160: 03703 | F160: 2000000012155 | G160: ยูแทรฟ ขนาด 2" SCG | K160: 240 | L160: ยูแทรฟ ขนาด 2" SCG | M160: หลัก | P160: 0 | R160: ใช้ | S160: อุปกรณ์ท่อพีวีซี
... A163: 162 | B163: อุปกรณ์ท่อพีวีซี | D163: 05255.jpg | E163: 05255 | F163: 2000000012223 | G163: สามทาง ผผม ขนาด 1/2" | K163: 29 | L163: สามทาง ผผม ขนาด 1/2" | M163: หลัก | P163: 0 | R163: ใช้ | S163: อุปกรณ์ท่อพีวีซี
A164: 163 | B164: อุปกรณ์ท่อพีวีซี | C164: อุปกรณ์ท่อสีเหลือง | D164: 04217.jpg | E164: 04217 | F164: 2000000012247 | G164: สามทาง เกลียวนอกทองเหลือง ตราช้าง SCG | K164: 70 | L164: สามทาง เกลียวนอกทองเหลือง ตราช้าง SCG | M164: หลัก | P164: 0 | R164: ใช้ | S164: อุปกรณ์ท่อพีวีซี
A165: 164 | B165: อุปกรณ์ท่อพีวีซี | D165: 03271.jpg | E165: 03271 | F165: 2000000012278 | G165: สามทางตั้งฉาก SCG | K165: 22 | L165: สามทางตั้งฉาก SCG | M165: หลัก | P165: 0 | R165: ใช้ | S165: อุปกรณ์ท่อพีวีซี
A166: 165 | B166: อุปกรณ์ท่อพีวีซี | D166: 03204.jpg | E166: 03204 | F166: 2000000012292 | G166: สามทางทีวายบาง | K166: 55 | L166: สามทางทีวายบาง | M166: หลัก | P166: 0 | R166: ใช้ | S166: อุปกรณ์ท่อพีวีซี
A167: 166 | B167: อุปกรณ์ท่อพีวีซี | D167: 03139.jpg | E167: 03139 | F167: 2000000012308 | G167: สามทางบาง PVC ตราช้าง | K167: 15 | L167: สามทางบาง PVC ตราช้าง | M167: หลัก | P167: 0 | R167: ใช้ | S167: อุปกรณ์ท่อพีวีซี
A168: 167 | B168: อุปกรณ์ท่อพีวีซี | C168: อุปกรณ์ท่อสีเหลือง | D168: 03259.jpg | E168: 03259 | F168: 2000000012315 | G168: สามทางพีวีซีเกลียวในทองเหลือง ตราช้าง | K168: 63 | L168: สามทางพีวีซีเกลียวในทองเหลือง ตราช้าง | M168: หลัก | P168: 0 | R168: ใช้ | S168: อุปกรณ์ท่อพีวีซี
A169: 168 | B169: อุปกรณ์ท่อพีวีซี | D169: 03147.jpg | E169: 03147 | F169: 2000000012346 | G169: สามทางลด PVC ตราช้าง | K169: 12 | L169: สามทางลด PVC ตราช้าง | M169: หลัก | P169: 0 | R169: ใช้ | S169: อุปกรณ์ท่อพีวีซี
A170: 169 | B170: อุปกรณ์ท่อพีวีซี | D170: 03175.jpg | E170: 03175 | F170: 2000000012353 | G170: สามทางลดบาง PVC ตราช้าง | K170: 30 | L170: สามทางลดบาง PVC ตราช้าง | M170: หลัก | P170: 0 | R170: ใช้ | S170: อุปกรณ์ท่อพีวีซี
A171: 170 | B171: อุปกรณ์ท่อพีวีซี | D171: 03188.jpg | E171: 03188 | F171: 2000000012360 | G171: สามทางวายบาง PVC ตราช้าง | K171: 55 | L171: สามทางวายบาง PVC ตราช้าง | M171: หลัก | P171: 0 | R171: ใช้ | S171: อุปกรณ์ท่อพีวีซี
A172: 171 | B172: อุปกรณ์ท่อพีวีซี | D172: 03193.jpg | E172: 03193 | F172: 2000000012377 | G172: สามทางวายลดบาง PVC ตราช้าง | K172: 110 | L172: สามทางวายลดบาง PVC ตราช้าง | M172: หลัก | P172: 0 | R172: ใช้ | S172: อุปกรณ์ท่อพีวีซี
A173: 172 | B173: อุปกรณ์ท่อพีวีซี | D173: 03185.jpg | E173: 03185 | F173: 2000000012384 | G173: สามทางเกลียวใน PVC ตราช้าง | K173: 18 | L173: สามทางเกลียวใน PVC ตราช้าง | M173: หลัก | P173: 0 | R173: ใช้ | S173: อุปกรณ์ท่อพีวีซี
A174: 173 | B174: อุปกรณ์ท่อพีวีซี | D174: 03274.jpg | E174: 03274 | F174: 2000000012414 | G174: สี่ทางตั้งฉาก SCG | K174: 25 | L174: สี่ทางตั้งฉาก SCG | M174: หลัก | P174: 0 | R174: ใช้ | S174: อุปกรณ์ท่อพีวีซี
A175: 174 | B175: อุปกรณ์ท่อพีวีซี | D175: 03243.jpg | E175: 03243 | F175: 2000000012438 | G175: หัวกันไหล เกลียวนอก PVC | K175: 8 | L175: หัวกันไหล เกลียวนอก PVC | M175: หลัก | P175: 0 | R175: ใช้ | S175: อุปกรณ์ท่อพีวีซี
A176: 175 | B176: อุปกรณ์ท่อพีวีซี | D176: 002664.jpg | E176: 002664 | F176: 2000000012469 | G176: เปอร์มาเท็กซ์ทาเกลียวแป็ป 51H | K176: 350 | L176: เปอร์มาเท็กซ์ทาเกลียวแป็ป 51H | M176: หลัก | P176: 0 | R176: ใช้ | S176: อุปกรณ์ท่อพีวีซี
A177: 176 | B177: อุปกรณ์ประปา ห้องน้ำ | D177: 04713.jpg | E177: 04713 | F177: 2000000012506 | G177: ขาตั้งมิเตอร์แบบมีบอลวาล์ว PB 15มิล GAAV01500 | K177: 250 | L177: ขาตั้งมิเตอร์แบบมีบอลวาล์ว PB 15มิล GAAV01500 | M177: หลัก | P177: 0 | R177: ใช้ | S177: อุปกรณ์ประปา ห้องน้ำ
A178: 177 | B178: อุปกรณ์ประปา ห้องน้ำ | D178: 04332.jpg | E178: 04332 | F178: 2000000012513 | G178: ขามิเตอร์ทองเหลือง 1/2" (1คู่) | K178: 95 | L178: ขามิเตอร์ทองเหลือง 1/2" (1คู่) | M178: หลัก | P178: 0 | R178: ใช้ | S178: อุปกรณ์ประปา ห้องน้ำ
A179: 178 | B179: อุปกรณ์ประปา ห้องน้ำ | D179: 04714.jpg | E179: 04714 | F179: 2000000012520 | G179: ข้องอ เกลียวใน PB 15x1/2" GFFE | K179: 95 | L179: ข้องอ เกลียวใน PB 15x1/2" GFFE | M179: หลัก | P179: 0 | R179: ใช้ | S179: อุปกรณ์ประปา ห้องน้ำ
A180: 179 | B180: อุปกรณ์ประปา ห้องน้ำ | D180: 04270.jpg | E180: 04270 | F180: 2000000012537 | G180: ข้อต่อก๊อกสนาม+แหวนรัด สีดำ | K180: 39 | L180: ข้อต่อก๊อกสนาม+แหวนรัด สีดำ | M180: หลัก | P180: 0 | R180: ใช้ | S180: อุปกรณ์ประปา ห้องน้ำ
... A251: 250 | B251: อุปกรณ์ประปา ห้องน้ำ | D251: 03635.jpg | E251: 03635 | F251: 2000000013473 | G251: โอริงปั๊ม มิตซู | K251: 35 | L251: โอริงปั๊ม มิตซู | M251: หลัก | P251: 0 | R251: ใช้ | S251: อุปกรณ์ประปา ห้องน้ำ
A252: 251 | B252: เครื่องมือเกษตรและสวน | E252: 04124 | F252: 2000000013480 | G252: กรรไกรตัดกิ่ง 8" HV-808 Meta ปากโค้ง | K252: 150 | L252: กรรไกรตัดกิ่ง 8" HV-808 Meta ปากโค้ง | M252: หลัก | P252: 0 | R252: ใช้ | S252: เครื่องมือเกษตรและสวน
A253: 252 | B253: เครื่องมือเกษตรและสวน | D253: 04503.jpg | E253: 04503 | F253: 2000000013497 | G253: กรรไกรตัดกิ่ง Solex PS | K253: 199 | L253: กรรไกรตัดกิ่ง Solex PS | M253: หลัก | P253: 0 | R253: ใช้ | S253: เครื่องมือเกษตรและสวน
A254: 253 | B254: เครื่องมือเกษตรและสวน | D254: 04504.jpg | E254: 04504 | F254: 2000000013503 | G254: กรรไกรตัดกิ่งสแตนเลส Solex 7"#156SS | K254: 229 | L254: กรรไกรตัดกิ่งสแตนเลส Solex 7"#156SS | M254: หลัก | P254: 0 | R254: ใช้ | S254: เครื่องมือเกษตรและสวน
A255: 254 | B255: เครื่องมือเกษตรและสวน | D255: 02482.jpg | E255: 02482 | F255: 2000000013510 | G255: กรรไกรตัดกิ่งไม้ | K255: 99 | L255: กรรไกรตัดกิ่งไม้ | M255: หลัก | P255: 0 | R255: ใช้ | S255: เครื่องมือเกษตรและสวน
A256: 255 | B256: เครื่องมือเกษตรและสวน | D256: 02486.jpg | E256: 02486 | F256: 2000000013527 | G256: กรรไกรตัดกิ่งไม้ 3จังหวะ Solo 8" No.3130-8 | K256: 349 | L256: กรรไกรตัดกิ่งไม้ 3จังหวะ Solo 8" No.3130-8 | M256: หลัก | P256: 0 | R256: ใช้ | S256: เครื่องมือเกษตรและสวน
...

Sheet ต้องตรวจก่อนใช้จริง
A1: ประเด็น | B1: ชื่อสินค้า | C1: SKU ในไฟล์ | D1: รายละเอียด / สิ่งที่ต้องทำ
A2: แก้ให้แล้ว: SKU มีอักขระนำหน้า | B2: ด้ามจอบ | C2: 02531 | D2: เดิมคือ ": 02531" (มีโคลอนและเว้นวรรคนำหน้า) ตัดออกแล้วเพราะจะทำให้ค้น/สแกนรหัสไม่เจอ
A3: รหัสคล้ายกัน คนละสินค้า | B3: น้ำยา WD-40 | C3: SKU00681 | D3: รหัสตัวเลข 00681 ซ้ำกับสินค้าอื่นในไฟล์ (คำนำหน้า SKU ต่างกัน) ตรวจกับใบสินค้า/เว็บต้นทางว่ารหัสไหนถูก ไม่งั้นค้นด้วยเลขรหัสจะเจอสองสินค้า
A4: รหัสคล้ายกัน คนละสินค้า | B4: น้ำยา WD-40 300ml. | C4: 00681 | D4: รหัสตัวเลข 00681 ซ้ำกับสินค้าอื่นในไฟล์ (คำนำหน้า SKU ต่างกัน) ตรวจกับใบสินค้า/เว็บต้นทางว่ารหัสไหนถูก ไม่งั้นค้นด้วยเลขรหัสจะเจอสองสินค้า
A5: รหัสคล้ายกัน คนละสินค้า | B5: เทปพันสายไฟ ยี่ห้อ ยาซากิ | C5: SKU01432 | D5: รหัสตัวเลข 01432 ซ้ำกับสินค้าอื่นในไฟล์ (คำนำหน้า SKU ต่างกัน) ตรวจกับใบสินค้า/เว็บต้นทางว่ารหัสไหนถูก ไม่งั้นค้นด้วยเลขรหัสจะเจอสองสินค้า
A6: รหัสคล้ายกัน คนละสินค้า | B6: เทปพันสายไฟ ยาซากิ ดำ | C6: 01432 | D6: รหัสตัวเลข 01432 ซ้ำกับสินค้าอื่นในไฟล์ (คำนำหน้า SKU ต่างกัน) ตรวจกับใบสินค้า/เว็บต้นทางว่ารหัสไหนถูก ไม่งั้นค้นด้วยเลขรหัสจะเจอสองสินค้า
A7: รหัสคล้ายกัน คนละสินค้า | B7: มินิบอลวาล์ว SANWA (ผม.) | C7: 02629 | D7: รหัสตัวเลข 02629 ซ้ำกับสินค้าอื่นในไฟล์ (คำนำหน้า SKU ต่างกัน) ตรวจกับใบสินค้า/เว็บต้นทางว่ารหัสไหนถูก ไม่งั้นค้นด้วยเลขรหัสจะเจอสองสินค้า
A8: รหัสคล้ายกัน คนละสินค้า | B8: น้ำกลั่น | C8: SKU-02629 | D8: รหัสตัวเลข 02629 ซ้ำกับสินค้าอื่นในไฟล์ (คำนำหน้า SKU ต่างกัน) ตรวจกับใบสินค้า/เว็บต้นทางว่ารหัสไหนถูก ไม่งั้นค้นด้วยเลขรหัสจะเจอสองสินค้า
A9: รหัสคล้ายกัน คนละสินค้า | B9: มินิบอลวาล์ว SANWA ( มม. ) | C9: 02630 | D9: รหัสตัวเลข 02630 ซ้ำกับสินค้าอื่นในไฟล์ (คำนำหน้า SKU ต่างกัน) ตรวจกับใบสินค้า/เว็บต้นทางว่ารหัสไหนถูก ไม่งั้นค้นด้วยเลขรหัสจะเจอสองสินค้า
A10: รหัสคล้ายกัน คนละสินค้า | B10: น้ำกลั่น | C10: SKU-02630 | D10: รหัสตัวเลข 02630 ซ้ำกับสินค้าอื่นในไฟล์ (คำนำหน้า SKU ต่างกัน) ตรวจกับใบสินค้า/เว็บต้นทางว่ารหัสไหนถูก ไม่งั้นค้นด้วยเลขรหัสจะเจอสองสินค้า
A11: รหัสคล้ายกัน คนละสินค้า | B11: มินิบอลวาล์วสามทาง Sanwa | C11: 02632 | D11: รหัสตัวเลข 02632 ซ้ำกับสินค้าอื่นในไฟล์ (คำนำหน้า SKU ต่างกัน) ตรวจกับใบสินค้า/เว็บต้นทางว่ารหัสไหนถูก ไม่งั้นค้นด้วยเลขรหัสจะเจอสองสินค้า
A12: รหัสคล้ายกัน คนละสินค้า | B12: แชลค ขวด | C12: SKU-02632 | D12: รหัสตัวเลข 02632 ซ้ำกับสินค้าอื่นในไฟล์ (คำนำหน้า SKU ต่างกัน) ตรวจกับใบสินค้า/เว็บต้นทางว่ารหัสไหนถูก ไม่งั้นค้นด้วยเลขรหัสจะเจอสองสินค้า
... A52: ไม่มีรูปสินค้า | B52: เลื่อยฉลุฝ้า รุ่น 2 ใบ (ใบเลื่อยปลายแหลมและหยัก) | C52: 01070 | D52: ไม่มีไฟล์รูปในต้นทาง ถ่ายรูปเพิ่มภายหลังในหน้าสินค้า

Sheet ต้องตรวจสอบ (ไม่นำเข้า)
A1: ชื่อสินค้า | B1: SKU | C1: ขนาด | D1: หมวดหมู่ | E1: ราคาทุน | F1: ราคาขาย | G1: ยอดยกมา | H1: ไฟล์รูปภาพ | I1: บาร์โค้ด | J1: รหัสหมวดหมู่ | K1: กลุ่มสินค้า | L1: รหัสสินค้าหลัก | M1: หมายเหตุ (ต้องตรวจ) | N1: เหตุผลที่ไม่นำเข้า
A2: ข้อต่อ ผม. เหล็ก 1/2" | B2: 05069 | D2: ไม่ระบุหมวด | F2: 25 | G2: 0 | H2: 05069.jpg | I2: 2000000010014 | J2: C00 | K2: ข้อต่อ ผม. เหล็ก 1/2" | L2: 05069 | M2: ไม่พบหมวดหมู่ในไฟล์ต้นทาง ให้จัดหมวดเอง | N2: ไม่พบหมวดหมู่ในไฟล์ต้นทาง ให้จัดหมวดเอง
A3: ข้อต่อตรงเหล็ก | B3: SKU05057 | D3: ไม่ระบุหมวด | F3: 18 | G3: 0 | H3: SKU05057.jpg | I3: 2000000010021 | J3: C00 | K3: ข้อต่อตรงเหล็ก | L3: SKU05057 | M3: ไม่พบหมวดหมู่ในไฟล์ต้นทาง ให้จัดหมวดเอง | N3: ไม่พบหมวดหมู่ในไฟล์ต้นทาง ให้จัดหมวดเอง
A4: คาราบิเนอร์ สแตนเลส 304 | B4: SKU 05376 | D4: ไม่ระบุหมวด | F4: 25 | G4: 0 | H4: SKU05376.jpg | I4: 2000000010038 | J4: C00 | K4: คาราบิเนอร์ สแตนเลส 304 | L4: SKU 05376 | M4: ไม่พบหมวดหมู่ในไฟล์ต้นทาง ให้จัดหมวดเอง | N4: ไม่พบหมวดหมู่ในไฟล์ต้นทาง ให้จัดหมวดเอง
A5: ฉากยึด เครื่องกรองน้ำ สแตนเลส | B5: 05302 | D5: ไม่ระบุหมวด | F5: 39 | G5: 0 | H5: 05302.jpg | I5: 2000000010045 | J5: C00 | K5: ฉากยึด เครื่องกรองน้ำ สแตนเลส | L5: 05302 | M5: ไม่พบหมวดหมู่ในไฟล์ต้นทาง ให้จัดหมวดเอง | N5: ไม่พบหมวดหมู่ในไฟล์ต้นทาง ให้จัดหมวดเอง
A6: นิปเปิ้ลเหล็ก | B6: SKU05066 | D6: ไม่ระบุหมวด | F6: 22 | G6: 0 | H6: SKU05066.jpg | I6: 2000000010052 | J6: C00 | K6: นิปเปิ้ลเหล็ก | L6: SKU05066 | M6: ไม่พบหมวดหมู่ในไฟล์ต้นทาง ให้จัดหมวดเอง | N6: ไม่พบหมวดหมู่ในไฟล์ต้นทาง ให้จัดหมวดเอง
A7: ฟุตวาล์ว PVC สีดำ สวมสายดูด | B7: SKU05100 | D7: ไม่ระบุหมวด | F7: 179 | G7: 0 | H7: SKU05100.jpg | I7: 2000000010069 | J7: C00 | K7: ฟุตวาล์ว PVC สีดำ สวมสายดูด | L7: SKU05100 | M7: ไม่พบหมวดหมู่ในไฟล์ต้นทาง ให้จัดหมวดเอง | N7: ไม่พบหมวดหมู่ในไฟล์ต้นทาง ให้จัดหมวดเอง
A8: รอกเขียวเดี่ยว | B8: SKU05075 | D8: ไม่ระบุหมวด | F8: 379 | G8: 0 | H8: SKU05075.jpg | I8: 2000000010076 | J8: C00 | K8: รอกเขียวเดี่ยว | L8: SKU05075 | M8: ไม่พบหมวดหมู่ในไฟล์ต้นทาง ให้จัดหมวดเอง | N8: ไม่พบหมวดหมู่ในไฟล์ต้นทาง ให้จัดหมวดเอง
A9: รอกเชือก PVC Yokomo | B9: 05074 | D9: ไม่ระบุหมวด | F9: 100 | G9: 0 | H9: 05074.jpg | I9: 2000000010083 | J9: C00 | K9: รอกเชือก PVC Yokomo | L9: 05074 | M9: ไม่พบหมวดหมู่ในไฟล์ต้นทาง ให้จัดหมวดเอง | N9: ไม่พบหมวดหมู่ในไฟล์ต้นทาง ให้จัดหมวดเอง
A10: รางปลั๊กโตชิโน รุ่น 3600w TIS315-5ม. | B10: 04208 | D10: ไม่ระบุหมวด | F10: 780 | G10: 0 | H10: 04208.jpg | I10: 2000000010090 | J10: C00 | K10: รางปลั๊กโตชิโน รุ่น 3600w TIS315-5ม. | L10: 04208 | M10: ไม่พบหมวดหมู่ในไฟล์ต้นทาง ให้จัดหมวดเอง | N10: ไม่พบหมวดหมู่ในไฟล์ต้นทาง ให้จัดหมวดเอง
A11: สามทางลม 8มิล PE8 | B11: 05290 | D11: ไม่ระบุหมวด | F11: 19 | G11: 0 | H11: 05290.jpg | I11: 2000000010106 | J11: C00 | K11: สามทางลม 8มิล PE8 | L11: 05290 | M11: ไม่พบหมวดหมู่ในไฟล์ต้นทาง ให้จัดหมวดเอง | N11: ไม่พบหมวดหมู่ในไฟล์ต้นทาง ให้จัดหมวดเอง
A12: สามทางเหล็ก | B12: SKU05063 | D12: ไม่ระบุหมวด | F12: 27 | G12: 0 | H12: SKU05063.jpg | I12: 2000000010113 | J12: C00 | K12: สามทางเหล็ก | L12: SKU05063 | M12: ไม่พบหมวดหมู่ในไฟล์ต้นทาง ให้จัดหมวดเอง | N12: ไม่พบหมวดหมู่ในไฟล์ต้นทาง ให้จัดหมวดเอง
A13: หูสายยูชุบซิงค์ มุมฉาก ใหญ่หนา (แพค2ตัว) | B13: 05072 | D13: ไม่ระบุหมวด | F13: 70 | G13: 0 | H13: 05072.jpg | I13: 2000000010120 | J13: C00 | K13: หูสายยูชุบซิงค์ มุมฉาก ใหญ่หนา (แพค2ตัว) | L13: 05072 | M13: ไม่พบหมวดหมู่ในไฟล์ต้นทาง ให้จัดหมวดเอง | N13: ไม่พบหมวดหมู่ในไฟล์ต้นทาง ให้จัดหมวดเอง
... A28: กล่องพักสายสี่เหลี่ยมสีเหลือง ตราช้าง | B28: 03352 | D28: อุปกรณ์ท่อพีวีซี | F28: 20 | G28: 0 | H28: 03352.jpg | I28: 2000000011455 | J28: C03 | K28: กล่องพักสายสี่เหลี่ยมสีเหลือง ตราช้าง | L28: 03352 | M28: การ์ดนี้มีหลายแบบในเว็บต้นทาง (ช่วงราคา 20-30) แต่ไม่มีรายละเอียดแต่ละแบบในไฟล์ — ใส่ราคาต่ำสุด ให้ตรวจ/แยกแบบเอง | N28: การ์ดนี้มีหลายแบบในเว็บต้นทาง (ช่วงราคา 20-30) แต่ไม่มีรายละเอียดแต่ละแบบในไฟล์ — ใส่ราคาต่ำสุด ให้ตรวจ/แยกแบบเอง
A29: กาวทาท่อชนิดข้น SCG 250g | B29: 03546 | D29: อุปกรณ์ท่อพีวีซี | F29: 0 | G29: 0 | H29: 03546.jpg | I29: 2000000011479 | J29: C03 | K29: กาวทาท่อชนิดข้น SCG 250g | L29: 03546 | N29: ราคาขายเป็น 0 ต้องกรอกราคาที่ถูกต้อง
A30: กิ๊ปจับท่อ, แคล๊มป์จับท่อ ร้อยสายสีเหลือง ตราช้าง | B30: 03343 | D30: อุปกรณ์ท่อพีวีซี | F30: 3 | G30: 0 | H30: 03343.jpg | I30: 2000000011493 | J30: C03 | K30: กิ๊ปจับท่อ, แคล๊มป์จับท่อ ร้อยสายสีเหลือง ตราช้าง | L30: 03343 | M30: การ์ดนี้มีหลายแบบในเว็บต้นทาง (ช่วงราคา 3-5) แต่ไม่มีรายละเอียดแต่ละแบบในไฟล์ — ใส่ราคาต่ำสุด ให้ตรวจ/แยกแบบเอง | N30: การ์ดนี้มีหลายแบบในเว็บต้นทาง (ช่วงราคา 3-5) แต่ไม่มีรายละเอียดแต่ละแบบในไฟล์ — ใส่ราคาต่ำสุด ให้ตรวจ/แยกแบบเอง
A31: กิ๊ปจับท่อ, แคล๊มป์จับท่อ สังกะสี รุ่นบาง | B31: 03280 | D31: อุปกรณ์ท่อพีวีซี | F31: 3 | G31: 0 | H31: 03280.jpg | I31: 2000000011509 | J31: C03 | K31: กิ๊ปจับท่อ, แคล๊มป์จับท่อ สังกะสี รุ่นบาง | L31: 03280 | M31: การ์ดนี้มีหลายแบบในเว็บต้นทาง (ช่วงราคา 3-20) แต่ไม่มีรายละเอียดแต่ละแบบในไฟล์ — ใส่ราคาต่ำสุด ให้ตรวจ/แยกแบบเอง | N31: การ์ดนี้มีหลายแบบในเว็บต้นทาง (ช่วงราคา 3-20) แต่ไม่มีรายละเอียดแต่ละแบบในไฟล์ — ใส่ราคาต่ำสุด ให้ตรวจ/แยกแบบเอง
A32: ข้องอ 90 ร้อยสายสีขาว ตราช้าง | B32: 03368 | D32: อุปกรณ์ท่อพีวีซี | F32: 8 | G32: 0 | H32: 03368.jpg | I32: 2000000011561 | J32: C03 | K32: ข้องอ 90 ร้อยสายสีขาว ตราช้าง | L32: 03368 | M32: การ์ดนี้มีหลายแบบในเว็บต้นทาง (ช่วงราคา 8-12) แต่ไม่มีรายละเอียดแต่ละแบบในไฟล์ — ใส่ราคาต่ำสุด ให้ตรวจ/แยกแบบเอง | N32: การ์ดนี้มีหลายแบบในเว็บต้นทาง (ช่วงราคา 8-12) แต่ไม่มีรายละเอียดแต่ละแบบในไฟล์ — ใส่ราคาต่ำสุด ให้ตรวจ/แยกแบบเอง
A33: ข้องอ สวมอัด PE | B33: 04556 | D33: อุปกรณ์ท่อพีวีซี | F33: 70 | G33: 0 | H33: 04556.jpg | I33: 2000000011615 | J33: C03 | K33: ข้องอ สวมอัด PE | L33: 04556 | M33: การ์ดนี้มีหลายแบบในเว็บต้นทาง (ช่วงราคา 70-100) แต่ไม่มีรายละเอียดแต่ละแบบในไฟล์ — ใส่ราคาต่ำสุด ให้ตรวจ/แยกแบบเอง | N33: การ์ดนี้มีหลายแบบในเว็บต้นทาง (ช่วงราคา 70-100) แต่ไม่มีรายละเอียดแต่ละแบบในไฟล์ — ใส่ราคาต่ำสุด ให้ตรวจ/แยกแบบเอง
A34: ข้องอขาว นาโน | B34: 03400 | D34: อุปกรณ์ท่อพีวีซี | F34: 6 | G34: 0 | H34: 03400.jpg | I34: 2000000011639 | J34: C03 | K34: ข้องอขาว นาโน | L34: 03400 | M34: การ์ดนี้มีหลายแบบในเว็บต้นทาง (ช่วงราคา 6-12) แต่ไม่มีรายละเอียดแต่ละแบบในไฟล์ — ใส่ราคาต่ำสุด ให้ตรวจ/แยกแบบเอง | N34: การ์ดนี้มีหลายแบบในเว็บต้นทาง (ช่วงราคา 6-12) แต่ไม่มีรายละเอียดแต่ละแบบในไฟล์ — ใส่ราคาต่ำสุด ให้ตรวจ/แยกแบบเอง
A35: ข้อต่อตรง สวมอัด PE | B35: 04553 | D35: อุปกรณ์ท่อพีวีซี | F35: 60 | G35: 0 | H35: 04553.jpg | I35: 2000000011677 | J35: C03 | K35: ข้อต่อตรง สวมอัด PE | L35: 04553 | M35: การ์ดนี้มีหลายแบบในเว็บต้นทาง (ช่วงราคา 60-90) แต่ไม่มีรายละเอียดแต่ละแบบในไฟล์ — ใส่ราคาต่ำสุด ให้ตรวจ/แยกแบบเอง | N35: การ์ดนี้มีหลายแบบในเว็บต้นทาง (ช่วงราคา 60-90) แต่ไม่มีรายละเอียดแต่ละแบบในไฟล์ — ใส่ราคาต่ำสุด ให้ตรวจ/แยกแบบเอง
A36: ข้อต่อตรง เกลียวนอกทองเหลือง ตราช้าง SCG | B36: 03262 | D36: อุปกรณ์ท่อพีวีซี | F36: 55 | G36: 0 | H36: 03262.jpg | I36: 2000000011684 | J36: C03 | K36: ข้อต่อตรง เกลียวนอกทองเหลือง ตราช้าง SCG | L36: 03262 | M36: การ์ดนี้มีหลายแบบในเว็บต้นทาง (ช่วงราคา 55-120) แต่ไม่มีรายละเอียดแต่ละแบบในไฟล์ — ใส่ราคาต่ำสุด ให้ตรวจ/แยกแบบเอง | N36: การ์ดนี้มีหลายแบบในเว็บต้นทาง (ช่วงราคา 55-120) แต่ไม่มีรายละเอียดแต่ละแบบในไฟล์ — ใส่ราคาต่ำสุด ให้ตรวจ/แยกแบบเอง
A37: ข้อต่อตรงขาว นาโน | B37: 03392 | D37: อุปกรณ์ท่อพีวีซี | F37: 4 | G37: 0 | H37: 03392.jpg | I37: 2000000011691 | J37: C03 | K37: ข้อต่อตรงขาว นาโน | L37: 03392 | M37: การ์ดนี้มีหลายแบบในเว็บต้นทาง (ช่วงราคา 4-8) แต่ไม่มีรายละเอียดแต่ละแบบในไฟล์ — ใส่ราคาต่ำสุด ให้ตรวจ/แยกแบบเอง | N37: การ์ดนี้มีหลายแบบในเว็บต้นทาง (ช่วงราคา 4-8) แต่ไม่มีรายละเอียดแต่ละแบบในไฟล์ — ใส่ราคาต่ำสุด ให้ตรวจ/แยกแบบเอง
A38: ข้อต่อตรงร้อยสายสีขาว ตราช้าง | B38: 03354 | D38: อุปกรณ์ท่อพีวีซี | F38: 5 | G38: 0 | H38: 03354.jpg | I38: 2000000011714 | J38: C03 | K38: ข้อต่อตรงร้อยสายสีขาว ตราช้าง | L38: 03354 | M38: การ์ดนี้มีหลายแบบในเว็บต้นทาง (ช่วงราคา 5-10) แต่ไม่มีรายละเอียดแต่ละแบบในไฟล์ — ใส่ราคาต่ำสุด ให้ตรวจ/แยกแบบเอง | N38: การ์ดนี้มีหลายแบบในเว็บต้นทาง (ช่วงราคา 5-10) แต่ไม่มีรายละเอียดแต่ละแบบในไฟล์ — ใส่ราคาต่ำสุด ให้ตรวจ/แยกแบบเอง
A39: ข้อต่อตรงสายสีเหลือง ตราช้าง | B39: 03312 | D39: อุปกรณ์ท่อพีวีซี | F39: 6 | G39: 0 | H39: 03312.jpg | I39: 2000000011745 | J39: C03 | K39: ข้อต่อตรงสายสีเหลือง ตราช้าง | L39: 03312 | M39: การ์ดนี้มีหลายแบบในเว็บต้นทาง (ช่วงราคา 6-120) แต่ไม่มีรายละเอียดแต่ละแบบในไฟล์ — ใส่ราคาต่ำสุด ให้ตรวจ/แยกแบบเอง | N39: การ์ดนี้มีหลายแบบในเว็บต้นทาง (ช่วงราคา 6-120) แต่ไม่มีรายละเอียดแต่ละแบบในไฟล์ — ใส่ราคาต่ำสุด ให้ตรวจ/แยกแบบเอง
A40: ข้อต่อตรงเทา | B40: 03412 | D40: อุปกรณ์ท่อพีวีซี | F40: 5 | G40: 0 | H40: 03412.jpg | I40: 2000000011806 | J40: C03 | K40: ข้อต่อตรงเทา | L40: 03412 | M40: การ์ดนี้มีหลายแบบในเว็บต้นทาง (ช่วงราคา 5-8) แต่ไม่มีรายละเอียดแต่ละแบบในไฟล์ — ใส่ราคาต่ำสุด ให้ตรวจ/แยกแบบเอง | N40: การ์ดนี้มีหลายแบบในเว็บต้นทาง (ช่วงราคา 5-8) แต่ไม่มีรายละเอียดแต่ละแบบในไฟล์ — ใส่ราคาต่ำสุด ให้ตรวจ/แยกแบบเอง
A41: ข้อต่อท่อย่นเหลือง 18cm. | B41: 04483 | D41: อุปกรณ์ท่อพีวีซี | F41: 10 | G41: 0 | H41: 04483.jpg | I41: 2000000011813 | J41: C03 | K41: ข้อต่อท่อย่นเหลือง 18cm. | L41: 04483 | M41: การ์ดนี้มีหลายแบบในเว็บต้นทาง (ช่วงราคา 10-12) แต่ไม่มีรายละเอียดแต่ละแบบในไฟล์ — ใส่ราคาต่ำสุด ให้ตรวจ/แยกแบบเอง | N41: การ์ดนี้มีหลายแบบในเว็บต้นทาง (ช่วงราคา 10-12) แต่ไม่มีรายละเอียดแต่ละแบบในไฟล์ — ใส่ราคาต่ำสุด ให้ตรวจ/แยกแบบเอง
... A100: ขวานด้ามไม้ เหล็กหล่อ | B100: 02487 | D100: เครื่องมือเกษตรและสวน | F100: 220 | G100: 0 | H100: 02487.jpg | I100: 2000000013602 | J100: C06 | K100: ขวานด้ามไม้ เหล็กหล่อ | L100: 02487 | M100: การ์ดนี้มีหลายแบบในเว็บต้นทาง (ช่วงราคา 220-289) แต่ไม่มีรายละเอียดแต่ละแบบในไฟล์ — ใส่ราคาต่ำสุด ให้ตรวจ/แยกแบบเอง | N100: การ์ดนี้มีหลายแบบในเว็บต้นทาง (ช่วงราคา 220-289) แต่ไม่มีรายละเอียดแต่ละแบบในไฟล์ — ใส่ราคาต่ำสุด ให้ตรวจ/แยกแบบเอง
A101: ข้องอ PE | B101: 04544 | D101: เครื่องมือเกษตรและสวน | F101: 6 | G101: 0 | I101: 2000000013633 | J101: C06 | K101: ข้องอ PE | L101: 04544 | M101: การ์ดนี้มีหลายแบบในเว็บต้นทาง (ช่วงราคา 6-8) แต่ไม่มีรายละเอียดแต่ละแบบในไฟล์ — ใส่ราคาต่ำสุด ให้ตรวจ/แยกแบบเอง | ไม่มีรูปในไฟล์ต้นทาง | N101: การ์ดนี้มีหลายแบบในเว็บต้นทาง (ช่วงราคา 6-8) แต่ไม่มีรายละเอียดแต่ละแบบในไฟล์ — ใส่ราคาต่ำสุด ให้ตรวจ/แยกแบบเอง | ไม่มีรูปในไฟล์ต้นทาง
A102: ข้อต่อตรง PE | B102: 04541 | D102: เครื่องมือเกษตรและสวน | F102: 4 | G102: 0 | H102: 04541.jpg | I102: 2000000013657 | J102: C06 | K102: ข้อต่อตรง PE | L102: 04541 | M102: การ์ดนี้มีหลายแบบในเว็บต้นทาง (ช่วงราคา 4-6) แต่ไม่มีรายละเอียดแต่ละแบบในไฟล์ — ใส่ราคาต่ำสุด ให้ตรวจ/แยกแบบเอง | N102: การ์ดนี้มีหลายแบบในเว็บต้นทาง (ช่วงราคา 4-6) แต่ไม่มีรายละเอียดแต่ละแบบในไฟล์ — ใส่ราคาต่ำสุด ให้ตรวจ/แยกแบบเอง
A103: ข้อต่อสายไมโคร (แพค10ตัว) | B103: 04370 | D103: เครื่องมือเกษตรและสวน | F103: 15 | G103: 0 | H103: 04370.jpg | I103: 2000000013671 | J103: C06 | K103: ข้อต่อสายไมโคร (แพค10ตัว) | L103: 04370 | M103: การ์ดนี้มีหลายแบบในเว็บต้นทาง (ช่วงราคา 15-40) แต่ไม่มีรายละเอียดแต่ละแบบในไฟล์ — ใส่ราคาต่ำสุด ให้ตรวจ/แยกแบบเอง | N103: การ์ดนี้มีหลายแบบในเว็บต้นทาง (ช่วงราคา 15-40) แต่ไม่มีรายละเอียดแต่ละแบบในไฟล์ — ใส่ราคาต่ำสุด ให้ตรวจ/แยกแบบเอง
A104: จอบ ตราจรเข้ สามดาว | B104: 02522 | D104: เครื่องมือเกษตรและสวน | F104: 269 | G104: 0 | H104: 02522.jpg | I104: 2000000013718 | J104: C06 | K104: จอบ ตราจรเข้ สามดาว | L104: 02522 | M104: การ์ดนี้มีหลายแบบในเว็บต้นทาง (ช่วงราคา 269-299) แต่ไม่มีรายละเอียดแต่ละแบบในไฟล์ — ใส่ราคาต่ำสุด ให้ตรวจ/แยกแบบเอง | N104: การ์ดนี้มีหลายแบบในเว็บต้นทาง (ช่วงราคา 269-299) แต่ไม่มีรายละเอียดแต่ละแบบในไฟล์ — ใส่ราคาต่ำสุด ให้ตรวจ/แยกแบบเอง
A105: จอบตราปลา (เฉพาะหัว) | B105: 02524 | D105: เครื่องมือเกษตรและสวน | F105: 199 | G105: 0 | H105: 02524.jpg | I105: 2000000013725 | J105: C06 | K105: จอบตราปลา (เฉพาะหัว) | L105: 02524 | M105: การ์ดนี้มีหลายแบบในเว็บต้นทาง (ช่วงราคา 199-220) แต่ไม่มีรายละเอียดแต่ละแบบในไฟล์ — ใส่ราคาต่ำสุด ให้ตรวจ/แยกแบบเอง | N105: การ์ดนี้มีหลายแบบในเว็บต้นทาง (ช่วงราคา 199-220) แต่ไม่มีรายละเอียดแต่ละแบบในไฟล์ — ใส่ราคาต่ำสุด ให้ตรวจ/แยกแบบเอง
A106: ตัดมุ้งตาข่ายฟ้า (1ม.) | B106: 02534 | D106: เครื่องมือเกษตรและสวน | F106: 20 | G106: 0 | H106: 02534.jpg | I106: 2000000013824 | J106: C06 | K106: ตัดมุ้งตาข่ายฟ้า (1ม.) | L106: 02534 | M106: การ์ดนี้มีหลายแบบในเว็บต้นทาง (ช่วงราคา 20-30) แต่ไม่มีรายละเอียดแต่ละแบบในไฟล์ — ใส่ราคาต่ำสุด ให้ตรวจ/แยกแบบเอง | N106: การ์ดนี้มีหลายแบบในเว็บต้นทาง (ช่วงราคา 20-30) แต่ไม่มีรายละเอียดแต่ละแบบในไฟล์ — ใส่ราคาต่ำสุด ให้ตรวจ/แยกแบบเอง
A107: ถุงมือผ้า | B107: ขอบเหลือง | D107: เครื่องมือเกษตรและสวน | F107: 20 | G107: 0 | H107: cloth-glove-yellow.jpg | I107: 2000000013886 | J107: C06 | K107: ถุงมือผ้า | L107: ขอบเหลือง | M107: การ์ดนี้มีหลายแบบในเว็บต้นทาง (ช่วงราคา 20-25) แต่ไม่มีรายละเอียดแต่ละแบบในไฟล์ — ใส่ราคาต่ำสุด ให้ตรวจ/แยกแบบเอง | N107: การ์ดนี้มีหลายแบบในเว็บต้นทาง (ช่วงราคา 20-25) แต่ไม่มีรายละเอียดแต่ละแบบในไฟล์ — ใส่ราคาต่ำสุด ให้ตรวจ/แยกแบบเอง; SKU เป็นภาษาไทย/ไม่ใช่รหัสสินค้า ต้องใส่ SKU ที่ถูกต้อง
A108: ถุงมือหนังขุย | B108: 02508 | D108: เครื่องมือเกษตรและสวน | F108: 55 | G108: 0 | H108: 02508.jpg | I108: 2000000013978 | J108: C06 | K108: ถุงมือหนังขุย | L108: 02508 | M108: การ์ดนี้มีหลายแบบในเว็บต้นทาง (ช่วงราคา 55-65) แต่ไม่มีรายละเอียดแต่ละแบบในไฟล์ — ใส่ราคาต่ำสุด ให้ตรวจ/แยกแบบเอง | N108: การ์ดนี้มีหลายแบบในเว็บต้นทาง (ช่วงราคา 55-65) แต่ไม่มีรายละเอียดแต่ละแบบในไฟล์ — ใส่ราคาต่ำสุด ให้ตรวจ/แยกแบบเอง
A109: ถุงมือหนังแฟนซี | B109: 02506 | D109: เครื่องมือเกษตรและสวน | F109: 35 | G109: 0 | H109: 02506.jpg | I109: 2000000013985 | J109: C06 | K109: ถุงมือหนังแฟนซี | L109: 02506 | M109: การ์ดนี้มีหลายแบบในเว็บต้นทาง (ช่วงราคา 35-39) แต่ไม่มีรายละเอียดแต่ละแบบในไฟล์ — ใส่ราคาต่ำสุด ให้ตรวจ/แยกแบบเอง | N109: การ์ดนี้มีหลายแบบในเว็บต้นทาง (ช่วงราคา 35-39) แต่ไม่มีรายละเอียดแต่ละแบบในไฟล์ — ใส่ราคาต่ำสุด ให้ตรวจ/แยกแบบเอง
A110: สามทาง PE | B110: 04547 | D110: เครื่องมือเกษตรและสวน | F110: 7 | G110: 0 | I110: 2000000014050 | J110: C06 | K110: สามทาง PE | L110: 04547 | M110: การ์ดนี้มีหลายแบบในเว็บต้นทาง (ช่วงราคา 7-10) แต่ไม่มีรายละเอียดแต่ละแบบในไฟล์ — ใส่ราคาต่ำสุด ให้ตรวจ/แยกแบบเอง | ไม่มีรูปในไฟล์ต้นทาง | N110: การ์ดนี้มีหลายแบบในเว็บต้นทาง (ช่วงราคา 7-10) แต่ไม่มีรายละเอียดแต่ละแบบในไฟล์ — ใส่ราคาต่ำสุด ให้ตรวจ/แยกแบบเอง | ไม่มีรูปในไฟล์ต้นทาง
A111: สายยางน้ำ ใส แบ่งเมตร | B111: 02536 | D111: เครื่องมือเกษตรและสวน | F111: 6 | G111: 0 | H111: 02536.jpg | I111: 2000000014067 | J111: C06 | K111: สายยางน้ำ ใส แบ่งเมตร | L111: 02536 | M111: การ์ดนี้มีหลายแบบในเว็บต้นทาง (ช่วงราคา 6-79) แต่ไม่มีรายละเอียดแต่ละแบบในไฟล์ — ใส่ราคาต่ำสุด ให้ตรวจ/แยกแบบเอง | N111: การ์ดนี้มีหลายแบบในเว็บต้นทาง (ช่วงราคา 6-79) แต่ไม่มีรายละเอียดแต่ละแบบในไฟล์ — ใส่ราคาต่ำสุด ให้ตรวจ/แยกแบบเอง
A112: สายยางฟ้า เกรดA (นิ่ม) [1ม.] | B112: 02544 | D112: เครื่องมือเกษตรและสวน | F112: 25 | G112: 0 | H112: 02544.jpg | I112: 2000000014081 | J112: C06 | K112: สายยางฟ้า เกรดA (นิ่ม) [1ม.] | L112: 02544 | M112: การ์ดนี้มีหลายแบบในเว็บต้นทาง (ช่วงราคา 25-55) แต่ไม่มีรายละเอียดแต่ละแบบในไฟล์ — ใส่ราคาต่ำสุด ให้ตรวจ/แยกแบบเอง | N112: การ์ดนี้มีหลายแบบในเว็บต้นทาง (ช่วงราคา 25-55) แต่ไม่มีรายละเอียดแต่ละแบบในไฟล์ — ใส่ราคาต่ำสุด ให้ตรวจ/แยกแบบเอง
A113: สายเอ็นตัดหญ้า | B113: SKU 02495 | D113: เครื่องมือเกษตรและสวน | F113: 49 | G113: 0 | H113: SKU02495.jpg | I113: 2000000014128 | J113: C06 | K113: สายเอ็นตัดหญ้า | L113: SKU 02495 | M113: การ์ดนี้มีหลายแบบในเว็บต้นทาง (ช่วงราคา 49-250) แต่ไม่มีรายละเอียดแต่ละแบบในไฟล์ — ใส่ราคาต่ำสุด ให้ตรวจ/แยกแบบเอง | N113: การ์ดนี้มีหลายแบบในเว็บต้นทาง (ช่วงราคา 49-250) แต่ไม่มีรายละเอียดแต่ละแบบในไฟล์ — ใส่ราคาต่ำสุด ให้ตรวจ/แยกแบบเอง
A114: หน้ากากอนามัย Yamada | B114: 04427 | D114: เครื่องมือเกษตรและสวน | F114: 20 | G114: 0 | H114: 04427.jpg | I114: 2000000014173 | J114: C06 | K114: หน้ากากอนามัย Yamada | L114: 04427 | M114: การ์ดนี้มีหลายแบบในเว็บต้นทาง (ช่วงราคา 20-100) แต่ไม่มีรายละเอียดแต่ละแบบในไฟล์ — ใส่ราคาต่ำสุด ให้ตรวจ/แยกแบบเอง | N114: การ์ดนี้มีหลายแบบในเว็บต้นทาง (ช่วงราคา 20-100) แต่ไม่มีรายละเอียดแต่ละแบบในไฟล์ — ใส่ราคาต่ำสุด ให้ตรวจ/แยกแบบเอง
A115: แสลนด์ 60% (แบ่งเมตร) | B115: 02559 | D115: เครื่องมือเกษตรและสวน | F115: 30 | G115: 0 | H115: 02559.jpg | I115: 2000000014296 | J115: C06 | K115: แสลนด์ 60% (แบ่งเมตร) | L115: 02559 | M115: การ์ดนี้มีหลายแบบในเว็บต้นทาง (ช่วงราคา 30-35) แต่ไม่มีรายละเอียดแต่ละแบบในไฟล์ — ใส่ราคาต่ำสุด ให้ตรวจ/แยกแบบเอง | N115: การ์ดนี้มีหลายแบบในเว็บต้นทาง (ช่วงราคา 30-35) แต่ไม่มีรายละเอียดแต่ละแบบในไฟล์ — ใส่ราคาต่ำสุด ให้ตรวจ/แยกแบบเอง
A116: แสลนด์ 80% (แบ่งเมตร) | B116: 02561 | D116: เครื่องมือเกษตรและสวน | F116: 40 | G116: 0 | H116: 02561.jpg | I116: 2000000014302 | J116: C06 | K116: แสลนด์ 80% (แบ่งเมตร) | L116: 02561 | M116: การ์ดนี้มีหลายแบบในเว็บต้นทาง (ช่วงราคา 40-45) แต่ไม่มีรายละเอียดแต่ละแบบในไฟล์ — ใส่ราคาต่ำสุด ให้ตรวจ/แยกแบบเอง | N116: การ์ดนี้มีหลายแบบในเว็บต้นทาง (ช่วงราคา 40-45) แต่ไม่มีรายละเอียดแต่ละแบบในไฟล์ — ใส่ราคาต่ำสุด ให้ตรวจ/แยกแบบเอง
A117: โซ่สุนัขชุบโครเมี่ยม รุ่นห่วง | B117: SKU 02492 | D117: เครื่องมือเกษตรและสวน | F117: 49 | G117: 0 | H117: SKU02492.jpg | I117: 2000000014319 | J117: C06 | K117: โซ่สุนัขชุบโครเมี่ยม รุ่นห่วง | L117: SKU 02492 | M117: การ์ดนี้มีหลายแบบในเว็บต้นทาง (ช่วงราคา 49-69) แต่ไม่มีรายละเอียดแต่ละแบบในไฟล์ — ใส่ราคาต่ำสุด ให้ตรวจ/แยกแบบเอง | N117: การ์ดนี้มีหลายแบบในเว็บต้นทาง (ช่วงราคา 49-69) แต่ไม่มีรายละเอียดแต่ละแบบในไฟล์ — ใส่ราคาต่ำสุด ให้ตรวจ/แยกแบบเอง
A118: กาวทาท่อชนิดใส SCG พร้อมแปรง | B118: 04816 | D118: อุปกรณ์ก่อสร้าง | F118: 79 | G118: 0 | H118: 04816.jpg | I118: 2000000014395 | J118: C07 | K118: กาวทาท่อชนิดใส SCG พร้อมแปรง | L118: 04816 | M118: การ์ดนี้มีหลายแบบในเว็บต้นทาง (ช่วงราคา 79-580) แต่ไม่มีรายละเอียดแต่ละแบบในไฟล์ — ใส่ราคาต่ำสุด ให้ตรวจ/แยกแบบเอง | N118: การ์ดนี้มีหลายแบบในเว็บต้นทาง (ช่วงราคา 79-580) แต่ไม่มีรายละเอียดแต่ละแบบในไฟล์ — ใส่ราคาต่ำสุด ให้ตรวจ/แยกแบบเอง
A119: กุญแจดัดเหล็ก | B119: 02271 | D119: อุปกรณ์ก่อสร้าง | F119: 130 | G119: 0 | H119: 02271.jpg | I119: 2000000014401 | J119: C07 | K119: กุญแจดัดเหล็ก | L119: 02271 | M119: การ์ดนี้มีหลายแบบในเว็บต้นทาง (ช่วงราคา 130-500) แต่ไม่มีรายละเอียดแต่ละแบบในไฟล์ — ใส่ราคาต่ำสุด ให้ตรวจ/แยกแบบเอง | N119: การ์ดนี้มีหลายแบบในเว็บต้นทาง (ช่วงราคา 130-500) แต่ไม่มีรายละเอียดแต่ละแบบในไฟล์ — ใส่ราคาต่ำสุด ให้ตรวจ/แยกแบบเอง
A120: ขอ ป.ปลา ชุบรุ้ง (10 ชุด) | B120: 03499 | D120: อุปกรณ์ก่อสร้าง | F120: 70 | G120: 0 | H120: 03499.jpg | I120: 2000000014418 | J120: C07 | K120: ขอ ป.ปลา ชุบรุ้ง (10 ชุด) | L120: 03499 | M120: การ์ดนี้มีหลายแบบในเว็บต้นทาง (ช่วงราคา 70-80) แต่ไม่มีรายละเอียดแต่ละแบบในไฟล์ — ใส่ราคาต่ำสุด ให้ตรวจ/แยกแบบเอง | N120: การ์ดนี้มีหลายแบบในเว็บต้นทาง (ช่วงราคา 70-80) แต่ไม่มีรายละเอียดแต่ละแบบในไฟล์ — ใส่ราคาต่ำสุด ให้ตรวจ/แยกแบบเอง
A121: ตะปูคอนกรีตขาว (1กิโลกรัม) ตราเพชร | B121: 8802382 | D121: อุปกรณ์ก่อสร้าง | F121: 90 | G121: 0 | H121: 8802382.jpg | I121: 2000000014449 | J121: C07 | K121: ตะปูคอนกรีตขาว (1กิโลกรัม) ตราเพชร | L121: 8802382 | M121: การ์ดนี้มีหลายแบบในเว็บต้นทาง (ช่วงราคา 90-100) แต่ไม่มีรายละเอียดแต่ละแบบในไฟล์ — ใส่ราคาต่ำสุด ให้ตรวจ/แยกแบบเอง | N121: การ์ดนี้มีหลายแบบในเว็บต้นทาง (ช่วงราคา 90-100) แต่ไม่มีรายละเอียดแต่ละแบบในไฟล์ — ใส่ราคาต่ำสุด ให้ตรวจ/แยกแบบเอง
A122: ตะปูคอนกรีตขาวตัวเล็ก (กล่องเล็ก) | B122: 02403 | D122: อุปกรณ์ก่อสร้าง | F122: 20 | G122: 0 | H122: 02403.jpg | I122: 2000000014463 | J122: C07 | K122: ตะปูคอนกรีตขาวตัวเล็ก (กล่องเล็ก) | L122: 02403 | M122: การ์ดนี้มีหลายแบบในเว็บต้นทาง (ช่วงราคา 20-25) แต่ไม่มีรายละเอียดแต่ละแบบในไฟล์ — ใส่ราคาต่ำสุด ให้ตรวจ/แยกแบบเอง | N122: การ์ดนี้มีหลายแบบในเว็บต้นทาง (ช่วงราคา 20-25) แต่ไม่มีรายละเอียดแต่ละแบบในไฟล์ — ใส่ราคาต่ำสุด ให้ตรวจ/แยกแบบเอง
... A210: ใบเลื่อยวงเดือน 9" Eagle One | B210: 00743 | D210: เครื่องมือช่าง | F210: 135 | G210: 0 | H210: 00743.jpg | I210: 2000000023199 | J210: C36 | K210: ใบเลื่อยวงเดือน 9" Eagle One | L210: 00743 | M210: การ์ดนี้มีหลายแบบในเว็บต้นทาง (ช่วงราคา 135-170) แต่ไม่มีรายละเอียดแต่ละแบบในไฟล์ — ใส่ราคาต่ำสุด ให้ตรวจ/แยกแบบเอง | N210: การ์ดนี้มีหลายแบบในเว็บต้นทาง (ช่วงราคา 135-170) แต่ไม่มีรายละเอียดแต่ละแบบในไฟล์ — ใส่ราคาต่ำสุด ให้ตรวจ/แยกแบบเอง
A211: โคมดาวน์ไลท์ฝัง กลม LED แสงขาว Nano | B211: 05374 | C211: 18w | D211: หลอดไฟ | F211: 0 | G211: 0 | H211: SKU03723.jpg | I211: 2000000024202 | J211: C37 | K211: โคมดาวน์ไลท์ฝัง กลม LED แสงขาว Nano | L211: SKU 03723 | N211: ราคาขายเป็น 0 ต้องกรอกราคาที่ถูกต้อง
A212: กล่องกันน้ำดำ นาโน | B212: SKU 05144 | D212: อุปกรณ์ไฟฟ้าอื่นๆ | F212: 28 | G212: 0 | H212: SKU05144.jpg | I212: 2000000024394 | J212: C38 | K212: กล่องกันน้ำดำ นาโน | L212: SKU 05144 | M212: การ์ดนี้มีหลายแบบในเว็บต้นทาง (ช่วงราคา 28-45) แต่ไม่มีรายละเอียดแต่ละแบบในไฟล์ — ใส่ราคาต่ำสุด ให้ตรวจ/แยกแบบเอง | N212: การ์ดนี้มีหลายแบบในเว็บต้นทาง (ช่วงราคา 28-45) แต่ไม่มีรายละเอียดแต่ละแบบในไฟล์ — ใส่ราคาต่ำสุด ให้ตรวจ/แยกแบบเอง
A213: ข้อต่อเข้ากล่องดำ | B213: SKU 05114 | D213: อุปกรณ์ไฟฟ้าอื่นๆ | F213: 6 | G213: 0 | H213: SKU05114.jpg | I213: 2000000024721 | J213: C38 | K213: ข้อต่อเข้ากล่องดำ | L213: SKU 05114 | M213: การ์ดนี้มีหลายแบบในเว็บต้นทาง (ช่วงราคา 6-8) แต่ไม่มีรายละเอียดแต่ละแบบในไฟล์ — ใส่ราคาต่ำสุด ให้ตรวจ/แยกแบบเอง | N213: การ์ดนี้มีหลายแบบในเว็บต้นทาง (ช่วงราคา 6-8) แต่ไม่มีรายละเอียดแต่ละแบบในไฟล์ — ใส่ราคาต่ำสุด ให้ตรวจ/แยกแบบเอง
A214: ตัวรวมสายไฟถอดได้ PCT | B214: 04707 | D214: อุปกรณ์ไฟฟ้าอื่นๆ | F214: 8 | G214: 0 | H214: 04707.jpg | I214: 2000000024813 | J214: C38 | K214: ตัวรวมสายไฟถอดได้ PCT | L214: 04707 | M214: การ์ดนี้มีหลายแบบในเว็บต้นทาง (ช่วงราคา 8-15) แต่ไม่มีรายละเอียดแต่ละแบบในไฟล์ — ใส่ราคาต่ำสุด ให้ตรวจ/แยกแบบเอง | N214: การ์ดนี้มีหลายแบบในเว็บต้นทาง (ช่วงราคา 8-15) แต่ไม่มีรายละเอียดแต่ละแบบในไฟล์ — ใส่ราคาต่ำสุด ให้ตรวจ/แยกแบบเอง
A215: ตู้คอนซูเมอร์ ช้าง (คอนซูมเมอร์ยูนิต) | B215: 03760 | D215: อุปกรณ์ไฟฟ้าอื่นๆ | F215: 650 | G215: 0 | H215: 03760.jpg | I215: 2000000024868 | J215: C38 | K215: ตู้คอนซูเมอร์ ช้าง (คอนซูมเมอร์ยูนิต) | L215: 03760 | M215: การ์ดนี้มีหลายแบบในเว็บต้นทาง (ช่วงราคา 650-690) แต่ไม่มีรายละเอียดแต่ละแบบในไฟล์ — ใส่ราคาต่ำสุด ให้ตรวจ/แยกแบบเอง | N215: การ์ดนี้มีหลายแบบในเว็บต้นทาง (ช่วงราคา 650-690) แต่ไม่มีรายละเอียดแต่ละแบบในไฟล์ — ใส่ราคาต่ำสุด ให้ตรวจ/แยกแบบเอง
A216: ตู้คอนซูเมอร์ เกาะราง นาโน | B216: SKU02923 | D216: อุปกรณ์ไฟฟ้าอื่นๆ | F216: 260 | G216: 0 | H216: SKU02923.jpg | I216: 2000000024875 | J216: C38 | K216: ตู้คอนซูเมอร์ เกาะราง นาโน | L216: SKU02923 | M216: การ์ดนี้มีหลายแบบในเว็บต้นทาง (ช่วงราคา 260-420) แต่ไม่มีรายละเอียดแต่ละแบบในไฟล์ — ใส่ราคาต่ำสุด ให้ตรวจ/แยกแบบเอง | N216: การ์ดนี้มีหลายแบบในเว็บต้นทาง (ช่วงราคา 260-420) แต่ไม่มีรายละเอียดแต่ละแบบในไฟล์ — ใส่ราคาต่ำสุด ให้ตรวจ/แยกแบบเอง
A217: ตู้คอนซูเมอร์สำเร็จรูป Nano | B217: SKU 05166 | D217: อุปกรณ์ไฟฟ้าอื่นๆ | F217: 550 | G217: 0 | H217: SKU05166.jpg | I217: 2000000024882 | J217: C38 | K217: ตู้คอนซูเมอร์สำเร็จรูป Nano | L217: SKU 05166 | M217: การ์ดนี้มีหลายแบบในเว็บต้นทาง (ช่วงราคา 550-990) แต่ไม่มีรายละเอียดแต่ละแบบในไฟล์ — ใส่ราคาต่ำสุด ให้ตรวจ/แยกแบบเอง | N217: การ์ดนี้มีหลายแบบในเว็บต้นทาง (ช่วงราคา 550-990) แต่ไม่มีรายละเอียดแต่ละแบบในไฟล์ — ใส่ราคาต่ำสุด ให้ตรวจ/แยกแบบเอง
A218: ตู้เหล็กมาตรฐาน KJL | B218: SKU 5504745 | D218: อุปกรณ์ไฟฟ้าอื่นๆ | F218: 390 | G218: 0 | H218: SKU5504745.jpg | I218: 2000000024905 | J218: C38 | K218: ตู้เหล็กมาตรฐาน KJL | L218: SKU 5504745 | M218: การ์ดนี้มีหลายแบบในเว็บต้นทาง (ช่วงราคา 390-490) แต่ไม่มีรายละเอียดแต่ละแบบในไฟล์ — ใส่ราคาต่ำสุด ให้ตรวจ/แยกแบบเอง | N218: การ์ดนี้มีหลายแบบในเว็บต้นทาง (ช่วงราคา 390-490) แต่ไม่มีรายละเอียดแต่ละแบบในไฟล์ — ใส่ราคาต่ำสุด ให้ตรวจ/แยกแบบเอง
A219: ถ่านกราไฟท์ CB | B219: 00670 | D219: อุปกรณ์ไฟฟ้าอื่นๆ | F219: 50 | G219: 0 | H219: 00670.jpg | I219: 2000000024912 | J219: C38 | K219: ถ่านกราไฟท์ CB | L219: 00670 | M219: การ์ดนี้มีหลายแบบในเว็บต้นทาง (ช่วงราคา 50-60) แต่ไม่มีรายละเอียดแต่ละแบบในไฟล์ — ใส่ราคาต่ำสุด ให้ตรวจ/แยกแบบเอง | หมวดหมู่ได้จากการเดาชื่อสินค้า ให้ตรวจ | N219: การ์ดนี้มีหลายแบบในเว็บต้นทาง (ช่วงราคา 50-60) แต่ไม่มีรายละเอียดแต่ละแบบในไฟล์ — ใส่ราคาต่ำสุด ให้ตรวจ/แยกแบบเอง | หมวดหมู่ได้จากการเดาชื่อสินค้า ให้ตรวจ
A220: ถ่านกราไฟท์ กล่องพีวีซี | B220: SKU 05280 | D220: อุปกรณ์ไฟฟ้าอื่นๆ | F220: 39 | G220: 0 | H220: SKU05280.jpg | I220: 2000000024929 | J220: C38 | K220: ถ่านกราไฟท์ กล่องพีวีซี | L220: SKU 05280 | M220: หมวดหมู่ได้จากการเดาชื่อสินค้า ให้ตรวจ | N220: หมวดหมู่ได้จากการเดาชื่อสินค้า ให้ตรวจ
A221: ถ่านกราไฟท์ กล่องพีวีซี มอเตอร์ 180w GG | B221: 05286 | D221: อุปกรณ์ไฟฟ้าอื่นๆ | F221: 29 | G221: 0 | H221: 05286.jpg | I221: 2000000024936 | J221: C38 | K221: ถ่านกราไฟท์ กล่องพีวีซี มอเตอร์ 180w GG | L221: 05286 | M221: หมวดหมู่ได้จากการเดาชื่อสินค้า ให้ตรวจ | N221: หมวดหมู่ได้จากการเดาชื่อสินค้า ให้ตรวจ
A222: บ็อกลอย รุ่นใหม่ Sokawa | B222: SKU 05197 | D222: อุปกรณ์ไฟฟ้าอื่นๆ | F222: 15 | G222: 0 | H222: SKU05197.jpg | I222: 2000000025032 | J222: C38 | K222: บ็อกลอย รุ่นใหม่ Sokawa | L222: SKU 05197 | M222: การ์ดนี้มีหลายแบบในเว็บต้นทาง (ช่วงราคา 15-20) แต่ไม่มีรายละเอียดแต่ละแบบในไฟล์ — ใส่ราคาต่ำสุด ให้ตรวจ/แยกแบบเอง | N222: การ์ดนี้มีหลายแบบในเว็บต้นทาง (ช่วงราคา 15-20) แต่ไม่มีรายละเอียดแต่ละแบบในไฟล์ — ใส่ราคาต่ำสุด ให้ตรวจ/แยกแบบเอง
A223: บ็อกลอย สีเทาดำ | B223: SKU 05188 | D223: อุปกรณ์ไฟฟ้าอื่นๆ | F223: 20 | G223: 0 | H223: SKU05188.jpg | I223: 2000000025056 | J223: C38 | K223: บ็อกลอย สีเทาดำ | L223: SKU 05188 | M223: การ์ดนี้มีหลายแบบในเว็บต้นทาง (ช่วงราคา 20-25) แต่ไม่มีรายละเอียดแต่ละแบบในไฟล์ — ใส่ราคาต่ำสุด ให้ตรวจ/แยกแบบเอง | N223: การ์ดนี้มีหลายแบบในเว็บต้นทาง (ช่วงราคา 20-25) แต่ไม่มีรายละเอียดแต่ละแบบในไฟล์ — ใส่ราคาต่ำสุด ให้ตรวจ/แยกแบบเอง
... A267: สว่านไฟฟ้า 3หุน 10มิล M0601B 450w MAKITA | B267: 05077 | D267: เครื่องมือเจาะ ดอกสว่าน | F267: 1390 | G267: 0 | H267: 05077.jpg | I267: 2000000029665 | J267: C45 | K267: สว่านไฟฟ้า 3หุน 10มิล M0601B 450w MAKITA | L267: 05077 | M267: หมวดหมู่ได้จากการเดาชื่อสินค้า ให้ตรวจ | N267: หมวดหมู่ได้จากการเดาชื่อสินค้า ให้ตรวจ

Sheet หมวดหมู่ (แม็ปกับระบบ)
A1: หมวดหมู่เดิมในไฟล์ต้นทาง | B1: หมวดหมู่หลักในระบบ | C1: หมวดหมู่ย่อยในระบบ | D1: จำนวนรายการ (ขนาด)
A2: กุญแจ ลูกบิด | B2: เครื่องมือช่าง ฮาร์ดแวร์ | C2: กุญแจ ลูกบิด | D2: =COUNTIF(รายการสินค้า!$S$2:$S$1711,A2) -> 21
A3: ก๊อกน้ำ | B3: อุปกรณ์ประปา ห้องน้ำ | C3: ก๊อกน้ำ | D3: =COUNTIF(รายการสินค้า!$S$2:$S$1711,A3) -> 35
A4: ทินเนอร์ น้ำมันสน | B4: สี อุปกรณ์ทาสี | C4: ทินเนอร์ น้ำมันสน | D4: =COUNTIF(รายการสินค้า!$S$2:$S$1711,A4) -> 32
A5: ท่อพีวีซี | B5: ท่อพีวีซี | C5: (ตามสีในชื่อสินค้า) | D5: =COUNTIF(รายการสินค้า!$S$2:$S$1711,A5) -> 115
A6: ฝักบัว สายฉีดชำระ | B6: อุปกรณ์ประปา ห้องน้ำ | C6: ฝักบัว สายฉีดชำระ | D6: =COUNTIF(รายการสินค้า!$S$2:$S$1711,A6) -> 88
A7: สายไฟ | B7: สายไฟ | D7: =COUNTIF(รายการสินค้า!$S$2:$S$1711,A7) -> 28
A8: หลอดไฟ | B8: อุปกรณ์ไฟฟ้า | C8: หลอดไฟ | D8: =COUNTIF(รายการสินค้า!$S$2:$S$1711,A8) -> 115
A9: อุปกรณ์ก่อสร้าง | B9: อุปกรณ์ก่อสร้าง | D9: =COUNTIF(รายการสินค้า!$S$2:$S$1711,A9) -> 60
A10: อุปกรณ์ทาสี | B10: สี อุปกรณ์ทาสี | C10: อุปกรณ์ทาสี | D10: =COUNTIF(รายการสินค้า!$S$2:$S$1711,A10) -> 90
A11: อุปกรณ์ทำความสะอาด | B11: อุปกรณ์ก่อสร้าง | C11: อุปกรณ์ทำความสะอาด | D11: =COUNTIF(รายการสินค้า!$S$2:$S$1711,A11) -> 36
A12: อุปกรณ์ท่อพีวีซี | B12: อุปกรณ์ท่อพีวีซี | C12: (ตามสีในชื่อสินค้า) | D12: =COUNTIF(รายการสินค้า!$S$2:$S$1711,A12) -> 60
A13: อุปกรณ์ประปา ห้องน้ำ | B13: อุปกรณ์ประปา ห้องน้ำ | D13: =COUNTIF(รายการสินค้า!$S$2:$S$1711,A13) -> 75
A14: อุปกรณ์ประปาอื่นๆ | B14: อุปกรณ์ประปา ห้องน้ำ | C14: อุปกรณ์ประปาอื่นๆ | D14: =COUNTIF(รายการสินค้า!$S$2:$S$1711,A14) -> 15
A15: อุปกรณ์ไฟฟ้าอื่นๆ | B15: อุปกรณ์ไฟฟ้า | C15: อุปกรณ์ไฟฟ้าอื่นๆ | D15: =COUNTIF(รายการสินค้า!$S$2:$S$1711,A15) -> 230
A16: เครื่องมือช่าง | B16: เครื่องมือช่าง ฮาร์ดแวร์ | C16: เครื่องมือช่าง | D16: =COUNTIF(รายการสินค้า!$S$2:$S$1711,A16) -> 143
A17: เครื่องมือช่าง ฮาร์ดแวร์ | B17: เครื่องมือช่าง ฮาร์ดแวร์ | D17: =COUNTIF(รายการสินค้า!$S$2:$S$1711,A17) -> 205
A18: เครื่องมือเกษตรและสวน | B18: เครื่องมือเกษตรและสวน | D18: =COUNTIF(รายการสินค้า!$S$2:$S$1711,A18) -> 68
A19: เครื่องมือเจาะ ดอกสว่าน | B19: เครื่องมือช่าง ฮาร์ดแวร์ | C19: เครื่องมือเจาะ ดอกสว่าน | D19: =COUNTIF(รายการสินค้า!$S$2:$S$1711,A19) -> 82
A20: เครื่องมือเชื่อม | B20: เครื่องมือช่าง ฮาร์ดแวร์ | C20: เครื่องมือเชื่อม | D20: =COUNTIF(รายการสินค้า!$S$2:$S$1711,A20) -> 19
A21: เครื่องเขียน | B21: เครื่องมือช่าง ฮาร์ดแวร์ | C21: เครื่องเขียน | D21: =COUNTIF(รายการสินค้า!$S$2:$S$1711,A21) -> 17
A22: เทปกาว กาว ซิลิโคน | B22: เครื่องมือช่าง ฮาร์ดแวร์ | C22: เทปกาว กาว ซิลิโคน | D22: =COUNTIF(รายการสินค้า!$S$2:$S$1711,A22) -> 97
A23: ใบตัด ใบเจียร์ กระดาษทราย | B23: เครื่องมือช่าง ฮาร์ดแวร์ | C23: ใบตัด ใบเจียร์ กระดาษทราย | D23: =COUNTIF(รายการสินค้า!$S$2:$S$1711,A23) -> 79
A24: รวม | D24: =SUM(D2:D23) -> 1710

Sheet วิธีใช้
A1: วิธีใช้และสถานะไฟล์ | B1: ค่า
A2: ไฟล์นี้ใช้นำเข้าในแอปได้ทันที: หน้าสินค้า → นำเข้าจากไฟล์ (ชีตแรก "รายการสินค้า" เท่านั้นที่ถูกอ่าน)
A3: คอลัมน์ตรงกับรูปแบบไฟล์ส่งออกของแอป หมวดหมู่ใช้ชื่อตามผังหมวดหมู่ของแอป จึงไม่สร้างหมวดซ้ำ
A4: ช่องสีเหลือง (ราคาทุน) ต้องกรอกจากใบซื้อจริง: ถ้าว่าง ระบบบันทึกทุน 0 และกำไรจะสูงเกินจริง
A5: จำนวนแถวสินค้าในชีตรายการ | B5: =COUNTA(รายการสินค้า!E2:E1711) -> 1710
A6: แถวที่ราคาทุนยังว่าง | B6: =COUNTBLANK(รายการสินค้า!J2:J1711) -> 1710
A7: แถวที่ราคาขายยังว่างหรือเป็น 0 (ต้องเป็น 0) | B7: =COUNTBLANK(รายการสินค้า!K2:K1711)+COUNTIF(รายการสินค้า!K2:K1711,0) -> 0
A8: ยอดยกมาทั้งหมดเป็น 0: ถ้ามีสต็อกจริง ให้กรอกคอลัมน์ "จำนวนคงเหลือ" ก่อนนำเข้า (หรือนับสต็อกแล้วปรับหลังนำเข้า)
A9: รูปภาพ: ไฟล์นี้ใส่เฉพาะ "ชื่อไฟล์รูป" ไม่ได้ฝังรูป — ให้นำเข้ารูปด้วยปุ่มจับคู่รูปภาพ โดยเลือก image_mapping.json และไฟล์รูปในโฟลเดอร์ images/ พร้อมกัน
A10: ชีต "ต้องตรวจสอบ (ไม่นำเข้า)" 266 แถว ยังไม่ผ่านการตรวจ (หลายแบบขนาด/ไม่มีราคา/หมวดเดา) จึงไม่รวมในรายการนำเข้า ต้องแยกแบบและกรอกราคาเองก่อน
A11: ชีต "ต้องตรวจก่อนใช้จริง" สรุปรหัสที่แก้แล้วและรายการที่ควรยืนยัน (รหัสคล้ายกัน ราคาผิดปกติ ไม่มีรูป)
